{
  "train_loss": [
    1.6424754221877709,
    1.0488807556340514,
    0.923005419194431,
    0.8747497887889366,
    0.8584773374779877,
    0.8395089851901135,
    0.8224045527355553,
    0.808943751681546,
    0.8022321708533796,
    0.8106928820567281,
    0.8071041858249716,
    0.7432553081234474,
    0.7182596601178294,
    0.7118771118968057,
    0.7053065040720953,
    0.69877158927276,
    0.6928244946783434,
    0.6889556753261207,
    0.6836670337771087,
    0.6805007417640344,
    0.6780608991336395,
    0.674752333239055,
    0.6697289930330799,
    0.6666800855521129,
    0.6674568752002289,
    0.6625625429666631,
    0.6624164669503011,
    0.6614790842137529,
    0.660418018631871,
    0.6577302524861733,
    0.6713673876005438,
    0.6691630049671293,
    0.6673102993601641,
    0.6655189560667816,
    0.6606758616430343,
    0.6610978657354688,
    0.6561129769402234,
    0.6555836088454242,
    0.6555487048465575,
    0.6525962705569417,
    0.6526520241536367,
    0.6496280236629093,
    0.6475801713798078,
    0.6457219326977238,
    0.6424726742265471,
    0.6390805412835604,
    0.6400540623429645,
    0.6398598709448571,
    0.6353982155098509,
    0.6347260472485837,
    0.6346584136176002,
    0.6302463254586463,
    0.6299979050597803,
    0.6294335078765458,
    0.6300864027220038,
    0.6268395260310494,
    0.624468895886511,
    0.6258518492694393,
    0.621983980918679,
    0.6211258646084055,
    0.622636494080582,
    0.619655822691896,
    0.6177617910196963,
    0.6189165807625638,
    0.6177327039530459,
    0.6170299510250177,
    0.6162301374123236,
    0.6156994601536224,
    0.6144695787151833,
    0.6138315280991284,
    0.6306080502779494,
    0.6325965309891466,
    0.6303420363520293,
    0.6311345466583833,
    0.631459304837368,
    0.6288676141623424,
    0.6280389863813939,
    0.6264840947138355,
    0.6280332207679749,
    0.627266753949392,
    0.6269577380787631,
    0.6235373314186062,
    0.6249922024829505,
    0.6241889550546894,
    0.6229609248349485,
    0.6210304108435798,
    0.6222291511270498,
    0.6221126748307404,
    0.6199164310378344,
    0.6206103039429327,
    0.6176608199495905,
    0.6176103455068819,
    0.6198193636710334,
    0.6161675490605991,
    0.6155339097228285,
    0.613370620349063,
    0.6138700006254051,
    0.6122463970975491,
    0.6147965099244909,
    0.6130590545756934
  ],
  "train_acc": [
    52.39551478083588,
    77.21536785124258,
    82.32978312067208,
    84.09785932721712,
    84.67081443987486,
    85.45818833702415,
    86.05574888396781,
    86.69900523744244,
    86.91693908397484,
    86.42483039825653,
    86.71306548560582,
    89.34936201623958,
    90.65696509543393,
    91.07174241625364,
    91.35294737952125,
    91.61657703258463,
    92.04189953952687,
    92.20359239340574,
    92.2000773313649,
    92.45316179830574,
    92.60782452810292,
    92.85036380892123,
    92.9733909803508,
    93.18780976484236,
    93.17023445463812,
    93.30380681219023,
    93.44089423178319,
    93.52525572076347,
    93.51471053464094,
    93.68694857464234,
    92.85739393300291,
    92.95581567014658,
    93.20890013708743,
    93.2299905093325,
    93.50065028647755,
    93.46198460402826,
    93.58501177545784,
    93.79943055994939,
    93.6764033885198,
    93.8627016766846,
    93.94706316566487,
    94.07009033709446,
    94.07712046117614,
    94.25990368730008,
    94.33371999015783,
    94.6289852015888,
    94.57625927097614,
    94.49189778199585,
    94.78364793138599,
    94.85043411016204,
    94.72740693873247,
    95.09297339098035,
    95.08594326689867,
    95.06836795669443,
    95.09297339098035,
    95.31090723751274,
    95.40581391261556,
    95.34254279588035,
    95.63077788322964,
    95.68350381384231,
    95.54641639424936,
    95.7291996203733,
    95.82410629547611,
    95.72568455833246,
    95.79247073710852,
    95.81004604731274,
    95.82762135751696,
    95.85925691588457,
    95.96470877710992,
    96.00337445955921,
    94.89261485465218,
    95.05079264649021,
    94.94885584730571,
    94.98400646771415,
    95.01915708812261,
    95.07539808077613,
    95.13515413547049,
    95.3319976097578,
    95.06133783261275,
    95.24412105873668,
    95.2300608105733,
    95.40581391261556,
    95.31793736159443,
    95.32848254771697,
    95.32496748567613,
    95.51478083588175,
    95.50775071180006,
    95.50423564975922,
    95.60265738690288,
    95.46556996730992,
    95.65186825547471,
    95.70810924812822,
    95.70459418608739,
    95.77841048894513,
    95.86628703996625,
    95.95767865302822,
    95.91198284649724,
    95.99985939751836,
    95.96119371506907,
    95.96822383915077
  ],
  "val_loss": [
    1.1307675296610051,
    1.0299700498580933,
    0.9489861510016702,
    0.9039123708551581,
    0.9090554280714556,
    0.9270438714460894,
    0.8952961401505903,
    0.9301063201644204,
    0.867004318670793,
    0.8870371200821616,
    0.8772952285679904,
    0.8340386748313904,
    0.8292974829673767,
    0.8259378238157793,
    0.842137954451821,
    0.8648766495964744,
    0.8483715111559088,
    0.8446419672532515,
    0.8318065242333845,
    0.8453963561491533,
    0.8469465266574513,
    0.8461184826764193,
    0.8499487475915388,
    0.84042719819329,
    0.8436007608066906,
    0.8496050672097639,
    0.8527236093174327,
    0.8497135964306918,
    0.8451474417339672,
    0.8532230854034424,
    0.8551281690597534,
    0.8834272731434215,
    0.8636042258956216,
    0.8620796528729525,
    0.8781451149420305,
    0.8789321942762895,
    0.8752930055965077,
    0.9030475941571322,
    0.8669378757476807,
    0.8775084994056008,
    0.8850485628301447,
    0.8503201766447588,
    0.8448870182037354,
    0.8748288642276417,
    0.8567653081633828,
    0.8580999211831526,
    0.8649201501499523,
    0.8782153888182207,
    0.8637831644578413,
    0.872984154657884,
    0.8740249384533275,
    0.8826494162732904,
    0.8840000954541293,
    0.8978024125099182,
    0.8766778761690314,
    0.8811332962729714,
    0.8784151619130914,
    0.881687651981007,
    0.8743644736029885,
    0.8737009546973489,
    0.881645305590196,
    0.8619191917506132,
    0.8798221566460349,
    0.8822326389226046,
    0.879476314241236,
    0.8876617225733671,
    0.8803321394053373,
    0.8835085142742504,
    0.8784336827018044,
    0.8868000507354736,
    0.8638106909665194,
    0.8931233828718012,
    0.9137139049443331,
    0.8888606158169833,
    0.9044261141256853,
    0.894054196097634,
    0.8991590521552346,
    0.8956505114381964,
    0.8780424269762906,
    0.8920102119445801,
    0.9147453904151917,
    0.8816259828480807,
    0.8789372931827198,
    0.8930060971866954,
    0.8925892548127607,
    0.886343083598397,
    0.9038584882562811,
    0.890629914673892,
    0.9280836419625715,
    0.9104080471125516,
    0.9213009530847723,
    0.9158289649269797,
    0.9090562679550864,
    0.9020529985427856,
    0.9170609441670504,
    0.9131001775914972,
    0.9115131334824995,
    0.923010300506245,
    0.9098906300284646,
    0.9371085817163641
  ],