{
  "train_loss": [
    1.6470120534423953,
    1.1236092965464948,
    1.0175417134584475,
    0.9634031239619925,
    0.9247290639837912,
    0.9029731686450233,
    0.8733777354571445,
    0.8506738725772574,
    0.8316515245713478,
    0.8077888355767431,
    0.7963901787749992,
    0.7904770044255848,
    0.775776954229213,
    0.7666421108994602,
    0.7585577925374686,
    0.7453538061173495,
    0.7372103491105324,
    0.7272702864378937,
    0.7210954550869209,
    0.717338077785555,
    0.7152841371938217,
    0.6983531344035441,
    0.6886617708797297,
    0.683976468961101,
    0.6820788910566282,
    0.6793576084877834,
    0.6717900963854199,
    0.6699079112573103,
    0.6672559158861144,
    0.6646564573295846,
    0.6639919453415989,
    0.6636017152100555,
    0.6619574063080401,
    0.6618935919005023,
    0.658401383348733,
    0.6585265255171405,
    0.6528749244272216,
    0.6528239811747527,
    0.6517992251175494,
    0.650949567310081
  ],
  "train_acc": [
    51.9116122343183,
    76.10484707102125,
    80.49183514774495,
    82.91537065837221,
    84.18869880767237,
    84.96306376360809,
    86.15539139450493,
    87.30559875583204,
    87.84344219803006,
    89.00660964230171,
    89.26905132192846,
    89.52177293934682,
    89.917055469155,
    90.51321928460342,
    90.43869880767237,
    91.03162260238466,
    91.1839035769829,
    91.74118714359771,
    91.99066874027994,
    91.89022809745983,
    92.08138932089166,
    92.65487299118715,
    93.17651632970451,
    93.29315707620529,
    93.40979782270607,
    93.38711767755314,
    93.74351995852774,
    93.9184810782789,
    94.01892172109902,
    94.04808190772421,
    94.10316226023846,
    94.21656298600311,
    94.10316226023846,
    94.22952306894764,
    94.38504406428201,
    94.17444271643339,
    94.5729652669777,
    94.5826853291861,
    94.62480559875583,
    94.6410057024365
  ],
  "val_loss": [
    1.1439069882035255,
    1.0188033394515514,
    0.9900683462619781,
    0.9454348050057888,
    0.9198920205235481,
    0.9255230277776718,
    0.8969127126038074,
    0.8874304294586182,
    0.8724829629063606,
    0.8880025148391724,
    0.8563140295445919,
    0.860204815864563,
    0.8559988550841808,
    0.8587276376783848,
    0.8468090146780014,
    0.8377541452646255,
    0.8169476054608822,
    0.818711444735527,
    0.8165750838816166,
    0.8187159597873688,
    0.8142025098204613,
    0.8044574595987797,
    0.8055031076073647,
    0.8036968484520912,
    0.8023543357849121,
    0.809630986303091,
    0.8051698952913284,
    0.8070859126746655,
    0.8053586445748806,
    0.8066611140966415,
    0.8062006533145905,
    0.8076139204204082,
    0.8049375377595425,
    0.8077910616993904,
    0.8108259104192257,
    0.8029660284519196,
    0.8070338107645512,
    0.8089810200035572,
    0.8045225739479065,
    0.8041606098413467
  ],
  "val_acc": [
    72.71329746348962,
    76.19779656674353,
    77.73507558288496,
    79.14424801434794,
    81.27081732001025,
    81.65513707404561,
    83.24365872405842,
    82.16756341275942,
    82.03945682808096,
    83.21803740712272,
    83.67922111196515,
    84.80655905713553,
    85.08839354342813,
    83.80732769664361,
    84.6528311555214,
    85.21650012810659,
    86.88188572892646,
    86.11324622085576,
    86.34383807327697,
    85.95951831924161,
    86.7794004611837,
    86.98437099666923,
    86.65129387650525,
    86.90750704586216,
    86.54880860876249,
    86.60005124263387,
    87.3174481168332,
    87.0612349474763,
    87.3174481168332,
    87.03561363054061,
    87.54803996925442,
    87.70176787086857,
    87.11247758134768,
    86.72815782731233,
    86.85626441199078,
    87.70176787086857,
    87.67614655393287,
    87.67614655393287,
    87.49679733538304,
    87.39431206764027
  ]
}