{
  "train_loss": [
    1.680626625966544,
    1.0786223522942475,
    0.9444378767952775,
    0.8929413818951809,
    0.8571970541067798,
    0.8436088543949705,
    0.8239754200583757,
    0.8133891251954165,
    0.8064947345040061,
    0.8153018852074941,
    0.7998031224265243,
    0.7408342120623348,
    0.7161050267291792,
    0.7086411690471148,
    0.7011335145945501,
    0.6953180823663269,
    0.6901806126339267,
    0.686288309518737,
    0.6830134921603732,
    0.6781208548280928,
    0.6759305171894304,
    0.6703442416407845,
    0.6663565123924101,
    0.6651466648385982,
    0.6625362577462437,
    0.6602673789467475,
    0.6611990377758489,
    0.6573963068952464,
    0.6569666841415444,
    0.6560261815485328,
    0.6698344488336583,
    0.6661447292626507,
    0.665153557905043,
    0.6629518854497659,
    0.6601080319496117,
    0.6591551346008224,
    0.6546381425977957,
    0.6529759954322468,
    0.6559515983769388,
    0.6496260045754789,
    0.6490837097770036,
    0.6436171998279263,
    0.6452021640960617,
    0.6429953873157501,
    0.6397502900976123,
    0.6390019017036515,
    0.6378296460166122,
    0.6358760842169174,
    0.6369546516375109,
    0.6316488933081579,
    0.6307666945939112,
    0.6310650914004354,
    0.6291285614774684,
    0.6266777118047079,
    0.6227791772948371,
    0.6254871782630381,
    0.6224289801385667,
    0.6226689755314528,
    0.6211470546144428,
    0.6201703337707904,
    0.6201421681678656,
    0.6175619607621973,
    0.6171521544456482,
    0.6167300120748654,
    0.6162476214495572,
    0.6144705107717803,
    0.6141943016437569,
    0.6130424289390294,
    0.6119507054487864,
    0.6126988199022081,
    0.6304063306312369
  ],
  "train_acc": [
    51.616468637745236,
    75.72336478111554,
    81.34054395452571,
    83.49583547151936,
    84.91295938104449,
    85.52875695732838,
    86.21955552046738,
    86.57877077329965,
    86.8827221410808,
    86.37745233489915,
    86.91035408360636,
    89.66960091580152,
    90.8380373425966,
    91.29988552480954,
    91.61567915367307,
    92.10515927841156,
    92.077527335886,
    92.36963644258478,
    92.4130580665535,
    92.70121975289149,
    92.8314846247977,
    93.12754115185726,
    93.3722812142265,
    93.26964828484586,
    93.42359767891683,
    93.54596771010145,
    93.5814944933486,
    93.7828129317491,
    93.89334070185134,
    93.79860261319227,
    93.1038566296925,
    93.22227924051633,
    93.2380689219595,
    93.43149251963841,
    93.50649350649351,
    93.50649350649351,
    93.83412939643942,
    93.87755102040816,
    93.62491611731733,
    94.14597560494217,
    94.13808076422058,
    94.2565033750444,
    94.42229503019776,
    94.40650534875459,
    94.57624442426874,
    94.56045474282557,
    94.67098251292781,
    94.81308964591639,
    94.76177318122608,
    95.02625034539928,
    95.1565152173055,
    95.1525677969447,
    95.18809458019184,
    95.34599139462361,
    95.58283661627127,
    95.33414913354123,
    95.58283661627127,
    95.54336241266333,
    95.74073343070303,
    95.72099632889906,
    95.67757470493032,
    95.89468282477401,
    95.74862827142462,
    95.95784155054672,
    96.01310543559784,
    96.14731772786484,
    96.02494769668021,
    96.07231674100974,
    96.04468479848418,
    96.12363320570007,
    94.97888130106975
  ],
  "val_loss": [
    1.164187792808779,
    1.1099735536882955,
    0.9514289229146896,
    0.918741810706354,
    0.9038612150376842,
    0.9365861358181122,
    0.8821724826289762,
    0.9176858471285912,
    0.8802051505734844,
    0.8736198448365734,
    0.9151308325029188,
    0.8381778982377821,
    0.8330514969364289,
    0.8272287980202706,
    0.8248673427489496,
    0.8278678098032551,
    0.833630092682377,
    0.8344959501297243,
    0.8354240252125648,
    0.8241104445149822,
    0.8214100368561283,
    0.830693942885245,
    0.8291067481040955,
    0.8348289324391273,
    0.8290552689183143,
    0.8303598742331227,
    0.8329570543381476,
    0.83099389460779,
    0.8304503944612318,
    0.8335378612241438,
    0.83281813129302,
    0.8383927479867013,
    0.8370534412322506,
    0.8302675812475143,
    0.8510379406713671,
    0.83902499944933,
    0.8356461659554513,
    0.8364068308184224,
    0.8349335655089347,
    0.8452474955589541,
    0.8431936348638227,
    0.8419219313129302,
    0.8462013140801461,
    0.8484606608267753,
    0.8397683712743944,
    0.8470421875676801,
    0.8462704208589369,
    0.8405648162288051,
    0.839493009351915,
    0.8481585402642527,
    0.8412331073514877,
    0.8354606897600235,
    0.8433159032175618,
    0.8487797014174923,
    0.8446547062166275,
    0.8372228260963194,
    0.8446290243056512,
    0.8470795808299896,
    0.8469465067309718,
    0.845787069489879,
    0.8483966608201304,
    0.8561964554171408,
    0.8501449823379517,
    0.8513095263511904,
    0.8493110172210201,
    0.8503135423506459,
    0.8492267439442296,
    0.8498896456533863,
    0.8517736811791697,
    0.8544430155907908,
    0.855900481823952
  ],
  "val_acc": [
    69.51471347444502,
    72.40578213732576,
    79.81414558595766,
    80.40784718637067,
    82.29220443985545,
    79.19463087248322,
    83.29891584925142,
    81.93082085699535,
    81.078988125968,
    83.71192565823438,
    81.62106350025813,
    84.92514197212184,
    85.80278781621064,
    86.1383582860093,
    86.16417139907072,
    85.98347960764067,
    85.90604026845638,
    86.31905007743934,
    85.67372225090345,
    86.88693856479091,
    87.27413526071244,
    86.96437790397522,
    87.11925658234384,
    86.06091894682498,
    87.19669592152813,
    87.22250903458958,
    87.0160041300981,
    87.29994837377387,
    87.04181724315953,
    87.11925658234384,
    86.99019101703665,
    87.22250903458958,
    87.40320082601961,
    87.04181724315953,
    86.83531233866805,
    86.52555498193082,
    86.47392875580795,
    86.96437790397522,
    86.80949922560661,
    86.57718120805369,
    87.19669592152813,
    87.55807950438823,
    86.60299432111513,
    86.93856479091379,
    87.45482705214249,
    86.60299432111513,
    86.83531233866805,
    87.81621063500258,
    87.5322663913268,
    86.99019101703665,
    88.25503355704699,
    87.81621063500258,
    87.06763035622096,
    87.19669592152813,
    87.76458440887971,
    87.66133195663397,
    87.63551884357254,
    87.66133195663397,
    87.32576148683532,
    87.76458440887971,
    87.6097057305111,
    87.22250903458958,
    87.45482705214249,
    87.89364997418689,
    88.0485286525555,
    87.91946308724832,
    87.91946308724832,
    87.71295818275684,
    87.91946308724832,
    87.6097057305111,
    87.22250903458958
  ],