{
  "train_loss": [
    1.6007379873663978,
    1.0320303247565716,
    0.9154379143651608,
    0.8645090489788393,
    0.8323029066081595,
    0.8202244702693635,
    0.8074509472446104,
    0.8113467081458168,
    0.7993355920884462,
    0.7957707522189723,
    0.7926798333636428,
    0.7877585642633185,
    0.773264336638746,
    0.7732878991987853,
    0.7563059111084558,
    0.75156111448212,
    0.749423526557146,
    0.7451551308674095,
    0.7329496079314072,
    0.7342633507420532,
    0.7421213269761179,
    0.7339770611936012,
    0.7248182278291314,
    0.7437217267213669,
    0.7251106830297318,
    0.7159354573329993,
    0.7118586858289432,
    0.7158373770988093,
    0.7078479984692768,
    0.701637562397307,
    0.7018059341780907,
    0.7062062739798453,
    0.6960936832216988,
    0.6924107966169847,
    0.6944331131150238,
    0.6945537407841302,
    0.6917936245424557,
    0.6818677395318462,
    0.6809222257770269,
    0.6791569643316016,
    0.6760760543093217,
    0.6732031861237721,
    0.6733124327343122,
    0.6668327500862358,
    0.6660020873609898,
    0.6621341138286928,
    0.6633935678849178,
    0.6587368890774988,
    0.6552999578746019,
    0.6528482674497419,
    0.6526920940496225,
    0.6497991306591878,
    0.6502132719069456,
    0.6482342370843466,
    0.6452807755069395,
    0.6425879610850748,
    0.6404729184851182,
    0.6404274578115582,
    0.6364468467974029,
    0.6346470692516428,
    0.6319803455762104,
    0.6308870009616413,
    0.6285640578881829,
    0.6282511770197775,
    0.6256282013074487,
    0.6262707314660064,
    0.6230638206532572,
    0.6218615187480386,
    0.6230496816930517,
    0.6196625266982391,
    0.6205658161007197,
    0.6190501680943818,
    0.6166362459153201,
    0.6166328363186491,
    0.6171314782273453,
    0.6172067908059179,
    0.6148480121540812,
    0.617161835716889,
    0.6153471187680168,
    0.6157584469930261
  ],
  "train_acc": [
    54.03746097814776,
    77.46791536593825,
    82.58758237946583,
    84.68262226847034,
    85.93479014915019,
    86.43773846687478,
    86.87131460284427,
    86.79500520291363,
    87.23204994797086,
    87.21123829344432,
    87.73846687478321,
    87.71418661116893,
    88.31772459243844,
    88.44259451959765,
    89.2230315643427,
    88.91779396462019,
    89.36177592785293,
    89.61151578217135,
    89.99306278182449,
    89.9687825182102,
    89.5525494276795,
    90.03815469996532,
    90.43704474505724,
    89.78494623655914,
    90.52722858133889,
    90.76656260839404,
    90.95386749913284,
    90.58272632674297,
    91.27297953520639,
    91.2868539715574,
    91.53659382587583,
    91.35275754422477,
    91.87998612556365,
    91.94242108914325,
    91.88692334373916,
    91.73777315296566,
    92.1193201526188,
    92.42108914325355,
    92.32743669788415,
    92.63614290669442,
    92.74366978841485,
    92.92403746097814,
    92.79916753381895,
    93.12868539715573,
    93.26049254249047,
    93.35414498785987,
    93.3992369060007,
    93.3992369060007,
    93.72181755116199,
    93.70794311481096,
    93.7911897329171,
    93.96115157821714,
    93.82934443288241,
    93.92993409642733,
    94.09989594172737,
    94.2386403052376,
    94.24210891432536,
    94.23517169614985,
    94.48144294138051,
    94.51612903225806,
    94.65834200485605,
    94.82830385015609,
    94.91848768643774,
    94.8976760319112,
    95.05029483177246,
    95.02948317724592,
    95.29656607700312,
    95.24453694068679,
    95.26187998612556,
    95.39368713146028,
    95.369406867846,
    95.45959070412765,
    95.51855705861949,
    95.56711758584808,
    95.59833506763788,
    95.4873395768297,
    95.63995837669094,
    95.6364897676032,
    95.70239334027055,
    95.61567811307665
  ],
  "val_loss": [
    1.1323969472538342,
    1.0167918747121638,
    0.9714179797606035,
    0.9152424931526184,
    0.897527120330117,
    0.9321845498951998,
    0.8983624360778115,
    0.9438160278580405,
    0.9106499390168623,
    0.9218975034627047,
    0.9147698120637373,
    0.9309957569295709,
    0.8903677463531494,
    0.8947674252770164,
    0.8717930100180886,
    0.9063455625013872,
    0.8859284086660906,
    0.8860422318631952,
    0.900458037853241,
    0.9535709402777932,
    0.9147150787440214,
    0.8655330701307817,
    0.8639068278399381,
    0.8984436663714322,
    0.889728459444913,
    0.8679515069181268,
    0.90811626477675,
    0.8786077282645486,
    0.854840262369676,
    0.8604127656329762,
    0.9107326540079984,
    0.8775898760015314,
    0.8659060489047657,
    0.8751064864071932,
    0.8747784224423495,
    0.8811044096946716,
    0.8761140324852683,
    0.8786889585581693,
    0.8783686702901666,
    0.877156300978227,
    0.8582975485108115,
    0.8741102923046459,
    0.8758946223692461,
    0.879141861742193,
    0.8892272006381642,
    0.8783243244344537,
    0.8547702702608976,
    0.8737365874377164,
    0.8772153204137628,
    0.8567707917907021,
    0.8728243437680331,
    0.8646603280847723,
    0.8901192762634971,
    0.8993666768074036,
    0.9054458141326904,
    0.876417490569028,
    0.8767533085562966,
    0.866484219377691,
    0.8815259066495028,
    0.8722080263224515,
    0.8931998122822155,
    0.8758370009335604,
    0.8729842576113614,
    0.8801007704301314,
    0.8914954120462592,
    0.8690201315012845,
    0.8705243088982322,
    0.8738436536355452,
    0.8715750575065613,
    0.8989903818477284,
    0.882478881965984,
    0.8733620806173845,
    0.881394012407823,
    0.8840024850585244,
    0.882512320171703,
    0.8835824240337719,
    0.8818689313801852,
    0.8814833218401129,
    0.8800518079237505,
    0.8838654431429777
  ],
  "val_acc": [
    70.0999231360492,
    77.40199846272098,
    78.32436587240583,
    82.24442736356649,
    82.4750192159877,
    81.78324365872406,
    82.39815526518063,
    80.3228285933897,
    80.09223674096849,
    81.70637970791698,
    81.78324365872406,
    83.0130668716372,
    83.39738662567255,
    82.16756341275942,
    82.24442736356649,
    82.70561106840891,
    83.24365872405842,
    83.0130668716372,
    82.4750192159877,
    82.09069946195234,
    81.78324365872406,
    83.62797847809378,
    83.858570330515,
    83.47425057647963,
    83.62797847809378,
    84.55034588777863,
    83.47425057647963,
    83.5511145272867,
    84.47348193697157,
    85.01152959262106,
    82.62874711760185,
    85.1652574942352,
    84.31975403535742,
    84.47348193697157,
    83.858570330515,
    85.01152959262106,
    84.47348193697157,
    84.6272098385857,
    84.78093774019985,
    83.32052267486549,
    86.47194465795542,
    84.85780169100691,
    84.85780169100691,
    85.1652574942352,
    85.62644119907763,
    84.24289008455034,
    86.2413528055342,
    86.85626441199078,
    86.2413528055342,
    86.93312836279785,
    85.62644119907763,
    85.62644119907763,
    86.01076095311299,
    85.31898539584935,
    85.7033051498847,
    86.01076095311299,
    85.93389700230591,
    86.62567255956957,
    86.01076095311299,
    86.47194465795542,
    86.08762490392006,
    86.62567255956957,
    86.54880860876249,
    86.2413528055342,
    86.70253651037663,
    87.16372021521906,
    87.00999231360493,
    86.54880860876249,
    87.85549577248271,
    86.70253651037663,
    86.93312836279785,
    86.7794004611837,
    86.93312836279785,
    87.3174481168332,
    87.08685626441199,
    87.08685626441199,
    87.00999231360493,
    87.24058416602614,
    87.16372021521906,
    87.24058416602614
  ],