{
  "train_loss": [
    1.3005275560163818,
    1.0240983817957143,
    0.9780885558740228,
    0.9513615831337144,
    0.8949065696349187,
    0.859492716008583,
    0.836389732044355,
    0.8164839675996156,
    0.8025336328860933,
    0.7932533271017328,
    0.7777247431531417,
    0.7696106331010836,
    0.7587384386400206,
    0.7537096327385017,
    0.7473274661903888,
    0.7420550495122387,
    0.7355400598154659,
    0.7324243572960912,
    0.7266505901264934,
    0.7182031624612555,
    0.7148942106065497,
    0.7118852911269771,
    0.7078949036323918,
    0.702538769593281,
    0.6987863069614478,
    0.697111560971336,
    0.6925517027884458,
    0.6914908234524516,
    0.684918142789233,
    0.683511680733841,
    0.6801762393618052,
    0.6766682272463773,
    0.6734579928153384,
    0.6722805539591122,
    0.6692936966377022,
    0.667442977955911,
    0.6653577875247044,
    0.6633520949203356,
    0.6614652658458304,
    0.6584644370374426,
    0.6567616291278231,
    0.6557791763174851,
    0.6532768644062819,
    0.652484370280156,
    0.6518798950499138,
    0.6518466280097455,
    0.6509438051586658
  ],
  "train_acc": [
    67.67603191120361,
    79.35137010058966,
    81.56434269857787,
    83.11134235171696,
    85.32431494970517,
    86.58688865764829,
    87.51300728407908,
    88.21366631980575,
    88.82761012833853,
    89.28546652792231,
    89.91675338189386,
    90.10405827263267,
    90.8394033992369,
    91.0197710718002,
    91.31113423517169,
    91.49843912591051,
    91.66840097121054,
    91.89732917100243,
    92.20950398890045,
    92.5355532431495,
    92.72979535206382,
    92.76448144294137,
    93.02115851543532,
    93.21886923343739,
    93.39229968782519,
    93.42004856052723,
    93.62469649670481,
    93.6108220603538,
    93.79812695109261,
    94.03746097814776,
    94.16926812348248,
    94.21782865071107,
    94.4120707596254,
    94.55081512313562,
    94.72077696843566,
    94.58896982310094,
    94.72771418661117,
    94.94623655913979,
    94.92889351370101,
    95.1023239680888,
    95.12313562261534,
    95.27922303156434,
    95.24106833159902,
    95.33818938605619,
    95.369406867846,
    95.31737773152966,
    95.45265348595213
  ],
  "val_loss": [
    1.016370421106165,
    0.9638243859464471,
    0.9536451859907671,
    0.9191454703157599,
    0.9027952660213817,
    0.8831616802649065,
    0.8662956573746421,
    0.8631431243636392,
    0.8440973541953347,
    0.8367813554677096,
    0.8433096463030035,
    0.8541028011928905,
    0.8204187479886141,
    0.8296796679496765,
    0.8348676020448859,
    0.8230963186784224,
    0.8282032283869657,
    0.8128312230110168,
    0.8200512094931169,
    0.8373325738039884,
    0.8132314465262673,
    0.8144641410220753,
    0.8136260401118885,
    0.8119911009615118,
    0.8114332339980386,
    0.8188421075994318,
    0.8010707931085066,
    0.8167839646339417,
    0.8101927963170138,
    0.8174614310264587,
    0.8058818687092174,
    0.812514678998427,
    0.815990762277083,
    0.8084159276702187,
    0.8069961125200446,
    0.8033190315419977,
    0.8093630942431363,
    0.8071789308027788,
    0.8093887242403898,
    0.8028053532947194,
    0.8074220635674216,
    0.8055693290450356,
    0.8058307062495839,
    0.8064517812295393,
    0.8040192723274231,
    0.8041144609451294,
    0.8045545599677346
  ],
  "val_acc": [
    76.63335895465026,
    79.86164488854727,
    78.86241352805534,
    80.47655649500385,
    81.86010760953113,
    83.858570330515,
    83.39738662567255,
    82.62874711760185,
    83.78170637970791,
    83.78170637970791,
    83.78170637970791,
    84.934665641814,
    85.08839354342813,
    85.31898539584935,
    84.47348193697157,
    85.39584934665642,
    86.16448885472714,
    85.78016910069178,
    86.16448885472714,
    85.54957724827057,
    86.31821675634127,
    86.01076095311299,
    85.85703305149885,
    86.47194465795542,
    86.2413528055342,
    86.7794004611837,
    86.39508070714835,
    85.78016910069178,
    85.78016910069178,
    86.08762490392006,
    87.08685626441199,
    86.85626441199078,
    87.16372021521906,
    86.16448885472714,
    86.47194465795542,
    86.54880860876249,
    87.3174481168332,
    87.24058416602614,
    87.16372021521906,
    86.85626441199078,
    86.7794004611837,
    86.54880860876249,
    86.93312836279785,
    87.00999231360493,
    87.00999231360493,
    87.00999231360493,
    86.7794004611837
  ],
  "val_macro_f1": [
    0.7760481617320978,
    0.8216160308766893,
    0.8139416074946298,
    0.8290727192230561,
    0.8359209600638781,
    0.8585980196531975,
    0.8549423465812537,
    0.8546960361510184,
    0.8679747477269824,
    0.8612619894785255,
    0.8670606386254675,
    0.8773141733309037,
    0.8825888124959659,
    0.8795695739180571,
    0.8735451097388635,
    0.8827465291536384,
    0.8862410233674299,
    0.8853207015882337,
    0.8855111315335106,
    0.8835372177604356,
    0.8885662863503577,
    0.8845625921357572,
    0.8889878214200743,
    0.8872447557285389,
    0.8877661682327185,
    0.8910015229420333,
    0.8904941328193535,
    0.8876990686400661,
    0.8842261747032784,
    0.8894370450532513,
    0.8967636336081487,
    0.8926368724150963,
    0.8971882719696125,
    0.8893938836816361,
    0.8932000105120693,
    0.8915101916431373,
    0.8982065748166693,
    0.897668344614967,
    0.8983571049673826,
    0.8928635410622648,
    0.8910573445355284,
    0.8903550330115718,
    0.8961292757869831,
    0.8975625614189457,
    0.8965238692083041,
    0.8964537587791538,
    0.8953363510753619
  ]
}