{
  "train_loss": [
    2.2941645218117888,
    1.8506717435982196,
    1.3635903276135568,
    1.2020440983665364,
    1.111251300225878,
    1.0370870304749151,
    0.9918148159446203,
    0.9589973161573367,
    0.9343771707316685,
    0.9152080181468228,
    0.9001568320620755,
    0.8507403843606,
    0.8395883261890155,
    0.8344904863246353,
    0.8311613683208756,
    0.8230738278996249,
    0.8215693695128231,
    0.8188755712701601,
    0.8172469735145569,
    0.8137454427945774,
    0.8109499325666727,
    0.8100301318639063,
    0.807956928896797,
    0.8034663269872623,
    0.8039360760038744,
    0.8022173119232794,
    0.8045372372250921,
    0.8015849702561383,
    0.799868462064341,
    0.8025291781254413,
    0.8073137135249082,
    0.805238743801288,
    0.8001086810779144,
    0.7989008653858852,
    0.7971706168533975,
    0.794790779261311,
    0.7926887455542526,
    0.7927055856037567,
    0.7898768940314049,
    0.7859552486595017,
    0.7838109822551231,
    0.7815027963954772,
    0.7835994525875212,
    0.7786591705185415,
    0.7815976329983083,
    0.7767039981123578,
    0.7733966138865381,
    0.7722142392209828,
    0.7722409191152975,
    0.7730107777856391,
    0.7701854050961311,
    0.7690680925087009,
    0.7669594108791095,
    0.7668334504948603,
    0.7679574270419476,
    0.7657479309714963,
    0.7643711743333415,
    0.761464785834599,
    0.7631751892278013,
    0.7611101112023597,
    0.7597962382662992,
    0.7621613989496445,
    0.7597832297530409,
    0.7566176650235471,
    0.7596930775941755,
    0.7576413563548716,
    0.7593676370355581,
    0.7604762676585416,
    0.7578667963566802,
    0.7567558154931517,
    0.7646199924528866,
    0.766761883224607,
    0.7627689057936048,
    0.7638921930116388,
    0.760790582729562,
    0.7599178771801594,
    0.7593689341716168,
    0.7577782120939862,
    0.7580004708649332,
    0.7542259794714204,
    0.7548812991300506,
    0.7549293597182886,
    0.7489545099403826,
    0.7509674026292535,
    0.749415549729437,
    0.7497849151692583,
    0.7497150315297558,
    0.7507022354634888,
    0.7472329024776749,
    0.7448771609319165,
    0.7422983122513434,
    0.7462520730335082,
    0.7420700604070997,
    0.743242522526215,
    0.7425242999209417,
    0.7425855603987861,
    0.7389305784563313,
    0.7384204738877814,
    0.7382438738784448,
    0.738263741469704
  ],
  "train_acc": [
    24.98506098632641,
    43.85742908362332,
    62.12872157193574,
    70.30124081690042,
    75.06063482020458,
    78.63193785370312,
    80.50195085943267,
    81.89743048964814,
    82.77268093781855,
    83.45811803578333,
    84.17870575415657,
    86.15768568315231,
    86.62870399662555,
    86.88530352560723,
    87.03996625540441,
    87.34577665295792,
    87.57425568561285,
    87.88358114520722,
    88.00660831663679,
    87.90467151745229,
    88.27375303174101,
    87.90818657949313,
    88.46708144398748,
    88.24211747337341,
    88.26672290765931,
    88.52683749868186,
    88.5619881190903,
    88.569018243172,
    88.71665084888748,
    88.42841576153819,
    88.35811452072129,
    88.23860241133256,
    88.50574712643679,
    88.47411156806918,
    88.76234665541847,
    88.80452739990861,
    88.94864494358326,
    88.95919012970579,
    89.2333649688917,
    89.30718127174944,
    89.58487117297621,
    89.41966325705648,
    89.5532356146086,
    89.78522970930437,
    89.57784104889451,
    89.80632008154944,
    89.97152799746915,
    89.93637737706071,
    90.12267566522549,
    90.06643467257197,
    90.08049492073535,
    90.28085345706351,
    90.17891665787901,
    90.18243171991986,
    90.33006432563535,
    90.35466975992126,
    90.33709444971704,
    90.57963373053535,
    90.44606137298324,
    90.58314879257618,
    90.6077542268621,
    90.49527224155506,
    90.428486062779,
    90.66751028155647,
    90.70969102604661,
    90.64993497135224,
    90.59369397869872,
    90.83974832155788,
    90.72023621216914,
    90.7553868325776,
    90.33006432563535,
    90.20703715420578,
    90.5128475517593,
    90.37927519420718,
    90.38279025624803,
    90.57963373053535,
    90.52690779992267,
    90.49527224155506,
    90.61829941298464,
    90.83271819747618,
    90.82217301135366,
    90.7553868325776,
    91.21937502196914,
    91.06471229217196,
    91.06822735421281,
    90.99441105135506,
    91.13501353298885,
    91.01198636155928,
    91.18773946360153,
    91.39161306197055,
    91.37403775176632,
    91.19828464972407,
    91.40567331013392,
    91.39512812401139,
    91.47948961299167,
    91.381067875848,
    91.57439628809449,
    91.59548666033956,
    91.50761010931843,
    91.5990017223804
  ],
  "val_loss": [
    1.9822268919511274,
    1.3533608371561223,
    1.1672975041649558,
    1.0545759038491682,
    1.0882947011427446,
    0.9946493181315336,
    0.9843581914901733,
    0.9721047119660811,
    0.9588278477842157,
    0.9404606168920343,
    1.0847802487286655,
    0.9026267257603732,
    0.9143950614062223,
    0.906522431156852,
    0.9171753092245623,
    0.9098647182637994,
    0.9084312753243879,
    0.9199795452031222,
    0.9109473878687079,
    0.9092097119851545,
    0.9016424092379484,
    0.8930703943425958,
    0.9061394929885864,
    0.9055977246978066,
    0.9006852399219166,
    0.8995466774160211,
    0.9042145122181285,
    0.9005125977776267,
    0.9016512632369995,
    0.9011078097603538,
    0.9107895222577181,
    0.9168333357030695,
    0.8989909508011558,
    0.9003240032629534,
    0.9011958620764993,
    0.8941015655344183,
    0.8972664854743264,
    0.9018406976353038,
    0.8929253328930248,
    0.8921323147687045,
    0.891290464184501,
    0.8978289907628839,
    0.9155546643517234,
    0.8998322811993685,
    0.9114877581596375,
    0.9037547274069353,
    0.8937530192461881,
    0.9151473641395569,
    0.8836198015646501,
    0.8773014328696511,
    0.892457284710624,
    0.8827348134734414,
    0.8902416554364291,
    0.8826863657344471,
    0.8870918859135021,
    0.8933570710095492,
    0.89071570743214,
    0.8854250040921298,
    0.8831363753838972,
    0.8874591318043795,
    0.8840576085177335,
    0.8857957341454246,
    0.8899905302307822,
    0.8891016732562672,
    0.8897138996557756,
    0.8877324624495073,
    0.8869127847931602,
    0.884929971261458,
    0.8847938667644154,
    0.8865382833914324,
    0.8977905132553794,
    0.9158217961137946,
    0.8877662257714705,
    0.8944254463369196,
    0.8986778367649425,
    0.9283616163513877,
    0.8917152285575867,
    0.9065966335209933,
    0.8958262476054105,
    0.9250355850566517,
    0.9275272651152178,
    0.8951199596578424,
    0.9153173024004156,
    0.8955273682420904,
    0.8902180790901184,
    0.8797537684440613,
    0.90810242024335,
    0.8792005994103171,
    0.8809394186193292,
    0.8917615576223894,
    0.884920060634613,
    0.887294281612743,
    0.8969707055525347,
    0.8896251104094766,
    0.8906229084188287,
    0.8839382746002891,
    0.880232269113714,
    0.8915729197588834,
    0.8918718478896401,
    0.8880781097845598
  ],