{
  "train_loss": [
    1.177376281252891,
    0.8995956104967092,
    0.8370126798548506,
    0.8092716999118104,
    0.7825607499734168,
    0.7713705881294114,
    0.7614976627409725,
    0.7477365897909942,
    0.7355814054942452,
    0.730817520832267,
    0.7270080669043845,
    0.7122700810432434,
    0.7011442371548025,
    0.6916810953029068,
    0.6844087379395695,
    0.6802312918842641,
    0.675674010552633,
    0.6718884377736147,
    0.6681143363495045,
    0.6653767139922343,
    0.6613867325633096,
    0.657778628203901,
    0.6542449850137992,
    0.6499549944304565,
    0.6480135262814338,
    0.6450824104082424,
    0.6407151572372881,
    0.6415449388893196,
    0.6367014440720391,
    0.6337625170502428,
    0.630802171379996,
    0.6289539369232452,
    0.6275837814326778,
    0.624032514779557,
    0.6219089400073338,
    0.6199591782595545,
    0.6169747603313805,
    0.6153236194576384,
    0.6123318121572247,
    0.6099206957581866,
    0.6085878773655058,
    0.6068973984953534,
    0.6047494317918615,
    0.6019427934035058
  ],
  "train_acc": [
    72.55439558508208,
    83.96077190762416,
    86.68494498927906,
    88.32647896235369,
    89.3036662097086,
    90.09455516889874,
    90.26327814685929,
    90.92410981053816,
    91.5603360399311,
    91.65875777707477,
    91.73608914197335,
    92.47776723259166,
    92.67461070687898,
    93.23350557137333,
    93.41980385953812,
    93.53580090688601,
    93.73615944321418,
    93.81700587015361,
    94.10172589546205,
    94.1755421983198,
    94.29153924566769,
    94.41105135505641,
    94.54110865056768,
    94.74146718689585,
    94.8152834897536,
    94.9172202889381,
    95.27224155506345,
    95.12109388730711,
    95.43744947098317,
    95.47611515343246,
    95.61320257302542,
    95.63780800731134,
    95.78895567506767,
    96.03501001792682,
    96.17912756160146,
    96.15452212731554,
    96.32676016731695,
    96.3619107877254,
    96.53414882772681,
    96.63608562691131,
    96.68881155752399,
    96.84347428732117,
    96.97704664487328,
    97.13170937467046
  ],
  "val_loss": [
    0.9476042985916138,
    0.919287773695859,
    0.9042087955908342,
    0.8715827410871332,
    0.8823337771675803,
    0.8456922986290671,
    0.8573572310534391,
    0.8553225777365945,
    0.8613823056221008,
    0.8663530837405812,
    0.8625799200751565,
    0.8496832793409174,
    0.8425928083333102,
    0.8330859325148843,
    0.8288047205318104,
    0.8472550294616006,
    0.820051214911721,
    0.8448058258403431,
    0.8306230740113691,
    0.8048905730247498,
    0.8471288518472151,
    0.8302266543561762,
    0.8282849355177446,
    0.8484519882635637,
    0.8175657228990034,
    0.8132833459160544,
    0.806218607859178,
    0.8207585107196461,
    0.8401698199185458,
    0.8170667073943398,
    0.8384292938492515,
    0.8217502994970842,
    0.8263789469545538,
    0.8287855007431724,
    0.8325170386921276,
    0.8200176954269409,
    0.8247222900390625,
    0.8302219618450511,
    0.8237598646770824,
    0.8224539865146984,
    0.8259732614864003,
    0.8306812481446699,
    0.8333012353290211,
    0.8376847884871743
  ],
  "val_acc": [
    80.18575851393189,
    82.12074303405572,
    82.58513931888545,
    84.6749226006192,
    86.06811145510837,
    85.83591331269349,
    85.37151702786377,
    84.59752321981424,
    84.52012383900929,
    85.60371517027863,
    85.9907120743034,
    86.30030959752322,
    87.30650154798762,
    86.45510835913312,
    86.84210526315789,
    85.52631578947368,
    87.46130030959752,
    85.83591331269349,
    86.60990712074303,
    87.22910216718266,
    86.22291021671826,
    87.84829721362229,
    87.61609907120743,
    87.84829721362229,
    87.84829721362229,
    87.30650154798762,
    88.39009287925697,
    88.23529411764706,
    88.0030959752322,
    88.15789473684211,
    88.08049535603715,
    88.46749226006192,
    88.15789473684211,
    88.54489164086688,
    87.77089783281734,
    88.46749226006192,
    88.23529411764706,
    88.23529411764706,
    88.54489164086688,
    88.0030959752322,
    88.39009287925697,
    88.54489164086688,
    88.39009287925697,
    88.15789473684211
  ],
  "val_macro_f1": [
    0.812343866846744,
    0.8423354354387592,
    0.8515489577745131,
    0.8737069111174426,
    0.8881027490796635,
    0.886575050248637,
    0.8790535257140387,
    0.8645479551439711,
    0.874876668994044,
    0.8775683695693637,
    0.8766294805323723,
    0.8860440658679661,
    0.8928773467688497,
    0.8915022114105793,
    0.8886249723362823,
    0.8761907211645178,
    0.896967870602403,
    0.8812150502291877,
    0.8881174527980575,
    0.890047821929241,
    0.8857205326585444,
    0.8984239402954005,
    0.8996357492649416,
    0.8999208546771764,
    0.9008273190343395,
    0.8912922510955285,
    0.8993427235486866,
    0.9067816572055388,
    0.9026143416804154,
    0.900938656930756,
    0.8991500050528383,
    0.9005535601507803,
    0.8976310738070836,
    0.9016641606354862,
    0.896562656070902,
    0.9010086271097869,
    0.9028900616074194,
    0.900346649156195,
    0.9040792405959529,
    0.9010888516398387,
    0.8990947458564063,
    0.9028946556320504,
    0.9015512043258839,
    0.902456406101793
  ]
}