{
  "train_loss": [
    2.261286381519202,
    1.740102677032201,
    1.2751110551333187,
    1.1364413412532421,
    1.0297572332801241,
    0.9856874957831219,
    0.941764293595998,
    0.9212122249482858,
    0.9083463362973145,
    0.8843539923128455,
    0.8748569094171428,
    0.8138032402053024,
    0.8009013753346722,
    0.7937589838649287,
    0.7865878596450343,
    0.7830628418561184,
    0.7786119200966575,
    0.7736737183248154,
    0.7715474087180514,
    0.7678277944073533,
    0.7652308104014156,
    0.7616201398348568,
    0.7601940093016384,
    0.758195599823287,
    0.7539440173693378,
    0.7516236997614003,
    0.7539682704390902,
    0.7524220795944484,
    0.7522685422439768,
    0.7526845146309246,
    0.7582682732379797,
    0.7552307239084532,
    0.7522996721243618,
    0.7504416135224429,
    0.7470758656660715,
    0.742032520397745,
    0.7390187713834975,
    0.743936591377162,
    0.7371478550361864,
    0.7378397999387799,
    0.7333675595847043,
    0.7320709032843812,
    0.7299807282409283,
    0.7260132805265561,
    0.7236842073575415,
    0.7213849076116928,
    0.7218611863526431,
    0.7187740525814018,
    0.7156010658452006,
    0.7165231746856613,
    0.7149686729065096,
    0.7141424062276127,
    0.711020452807648,
    0.7097541382818511,
    0.7111710171506862,
    0.7093975893174759,
    0.7070020864708255,
    0.7069741288820902,
    0.7054835028118558,
    0.7043349794065109,
    0.7012481867062925,
    0.7016984444073956,
    0.7006826102733612,
    0.7023437291082709,
    0.7035312369616344,
    0.7008849177697692,
    0.7002672312235592,
    0.6986392284884597,
    0.6988798440104783,
    0.6999422697105793,
    0.707185989076441,
    0.7084829948767267,
    0.7079633784414542,
    0.7055728363268303,
    0.7055117493928081,
    0.7064816777152244,
    0.7033447596159849,
    0.7004979415373369,
    0.7020908025178042,
    0.6979150681784658,
    0.698374007085357,
    0.6960489189986027,
    0.6998165261865866,
    0.6972839883481613,
    0.6946086964823983,
    0.6910046531696512,
    0.6930709634766434,
    0.6901366614332103,
    0.6906385611404072,
    0.691077936779369,
    0.6905603571371599,
    0.6869796330880638,
    0.6857848128285071,
    0.6876595827064129,
    0.6882751990448345,
    0.6839118795563476,
    0.6796385064871624,
    0.6812844676802857,
    0.6798785509485187,
    0.6816941596040822
  ],
  "train_acc": [
    26.443768996960486,
    47.10851458571823,
    66.26139817629179,
    73.46938775510205,
    78.92472269371966,
    80.2628981960289,
    82.1734496506533,
    82.73793076224688,
    83.44057158646824,
    84.47479572099633,
    84.76295740733431,
    87.24588481427388,
    87.65641653179647,
    88.18142343978211,
    88.63537678127344,
    88.63932420163424,
    88.85643232147791,
    89.16827852998065,
    89.31828050369084,
    89.50775668100896,
    89.76039158409979,
    89.77223384518217,
    89.88670903564521,
    90.0998697351281,
    90.11960683693206,
    90.26960881064224,
    90.41566336399163,
    90.19855524414795,
    90.37618916038369,
    90.2972407531678,
    89.9577626021395,
    90.21434492559112,
    90.32092527533257,
    90.53803339517626,
    90.59329728022738,
    90.5735601784234,
    90.85382702403979,
    90.77093119646311,
    90.93672285161647,
    90.91303832945171,
    91.2564639008408,
    91.2604113212016,
    91.33146488769589,
    91.5248884853748,
    91.54067816681798,
    91.57225752970434,
    91.5367307464572,
    91.79726049026961,
    92.08147475624679,
    91.97489440650534,
    92.02226345083488,
    91.96699956578377,
    92.44463742943987,
    92.20384478743141,
    92.23147672995697,
    92.51569099593415,
    92.5630600402637,
    92.42884774799668,
    92.40516322583191,
    92.64200844747957,
    92.68543007144831,
    92.7525362175818,
    92.85911656732326,
    92.64200844747957,
    92.59858682351084,
    92.64595586784037,
    92.72490427505625,
    92.78806300082896,
    92.7643784786642,
    92.71700943433466,
    92.39332096474953,
    92.29858287609048,
    92.42884774799668,
    92.57095488098527,
    92.4841116330478,
    92.37753128330635,
    92.58279714206766,
    92.71700943433466,
    92.7643784786642,
    92.92622271345675,
    92.80780010263292,
    92.8314846247977,
    92.61042908459322,
    92.902538191292,
    92.98938143922946,
    93.01306596139423,
    92.92622271345675,
    93.02490822247661,
    93.0999092093317,
    93.11569889077488,
    93.03675048355899,
    93.24596376268109,
    93.35649153278332,
    93.11964631113567,
    93.15517309438282,
    93.34464927170094,
    93.58544191370939,
    93.3801760549481,
    93.60123159515257,
    93.36043895314413
  ],
  "val_loss": [
    1.8838934167738883,
    1.3323289079050864,
    1.2822762843101256,
    1.3135992250134867,
    1.0656110913522783,
    1.0280816997251203,
    1.2271217953774236,
    0.9899317141502134,
    1.0503819546391886,
    0.9378398772208921,
    0.949352877755319,
    0.8821769933546743,
    0.8621406824358048,
    0.8696316230681634,
    0.8615065736155356,
    0.8615631518825408,
    0.8618368641022713,
    0.8510782122612,
    0.8578100166013164,
    0.8585347513998708,
    0.8572252315859641,
    0.8609313445706521,
    0.8589728686117357,
    0.8557753620609161,
    0.8583510594983255,
    0.8583551376096664,
    0.8543736223251589,
    0.8516143137408841,
    0.8534914543551784,
    0.8510973991886261,
    0.9062049446567413,
    0.8674970961386158,
    0.8615832982524749,
    0.8688387390105955,
    0.8480018781077477,
    0.879267938675419,
    0.8675843361885317,
    0.8572326744756391,
    0.850925245592671,
    0.8582202369166959,
    0.8518973454352348,
    0.8509062759337886,
    0.8655617448591417,
    0.8508518242066906,
    0.8618052428768527,
    0.8606856176930089,
    0.8569812736203594,
    0.8535815400461997,
    0.8506837487220764,
    0.8613782986517875,
    0.8617760077599557,
    0.855680723344126,
    0.853364554143721,
    0.8633418698464671,
    0.848624837013983,
    0.8683841093893974,
    0.8539034589644401,
    0.8535126832223707,
    0.8550314922486583,
    0.8574549075095884,
    0.848133267894868,
    0.8513065691917173,
    0.8564503250583526,
    0.849041958009043,
    0.848906397819519,
    0.8541722855260295,
    0.8494098840221282,
    0.8559796117967174,
    0.8507041565833553,
    0.8503459826592477,
    0.8510564719477007,
    0.8533575323320204,
    0.8520946098912147,
    0.8634735730386549,
    0.868088876047442,
    0.8466922121663247,
    0.8542305654095065,
    0.8634287984140457,
    0.8568270898634388,
    0.8603397088666116,
    0.8551793886769202,
    0.8591465700057245,
    0.8486988198372626,
    0.853319231540926,
    0.8780728655476724,
    0.8546482420736744,
    0.8563624716574146,
    0.8524044521393315,
    0.8832810232716222,
    0.864301570000187,
    0.8470082340701934,
    0.8535787386278952,
    0.8630484265665854,
    0.8513693232690135,
    0.8643641029634783,
    0.8448271885994942,
    0.8455283238041785,
    0.8548164156175428,
    0.8617968270855565,
    0.8689415627910245
  ],