{
  "train_loss": [
    1.4573238453669854,
    1.0548624849458883,
    0.9491659357533817,
    0.8857048373473319,
    0.8519418239593506,
    0.819993375686177,
    0.7945774915622689,
    0.7793791269698338,
    0.7650417943446957,
    0.7491674538244281,
    0.7353012359630294,
    0.7191305488173725,
    0.714279071629396,
    0.7029902680575499,
    0.6906556274458678,
    0.6905080986301801,
    0.6821281753088299,
    0.6786907137485972,
    0.6714218949016771,
    0.6690595801810773,
    0.6682551991172702,
    0.6510403044739662,
    0.644157648435113,
    0.6403200222037689,
    0.6401711280582941,
    0.6355922190766585,
    0.6360086899751808,
    0.6350990244519641,
    0.6312867437886913,
    0.6312084539591918,
    0.62518837019714,
    0.6232861845116866,
    0.6199156436306691,
    0.6207243211088125,
    0.6177056578167698,
    0.6170656590433846,
    0.6162949176559671,
    0.6155311479205974,
    0.615383726114418,
    0.613665242989858,
    0.6131538745255498,
    0.613638769116318,
    0.6094077982400593,
    0.6071536771038122,
    0.6074713973971139,
    0.6063304174016093,
    0.6063266982112014,
    0.6049639955598708,
    0.6040840368521841,
    0.6039693965549358
  ],
  "train_acc": [
    60.78228951594402,
    79.64441385638908,
    84.23262216104611,
    86.58178481303051,
    88.07524661619638,
    89.44253269098417,
    90.30740995641202,
    90.60793760036705,
    91.20440467997247,
    91.47510896994723,
    92.13810506997018,
    92.43863271392522,
    92.68869006652902,
    92.97086487726543,
    93.3218628125717,
    93.38150952053223,
    93.60174351915578,
    93.7003899977059,
    93.96880018352833,
    94.02615278733654,
    94.06515255792613,
    94.78091305345262,
    95.05391144757972,
    95.17549896765313,
    95.19385180087176,
    95.41637990364762,
    95.45537967423721,
    95.29938059187887,
    95.58155540261528,
    95.551732048635,
    95.81325992200046,
    95.9371415462262,
    96.10231704519386,
    96.08625831612756,
    96.2996100022941,
    96.3156687313604,
    96.23078687772424,
    96.24455150263822,
    96.2996100022941,
    96.39366827253957,
    96.36155081440697,
    96.32713925212205,
    96.5726083964212,
    96.64831383344804,
    96.6781371874283,
    96.662078458362,
    96.70566643725626,
    96.74696031199817,
    96.85937141546226,
    96.81578343656803
  ],
  "val_loss": [
    0.9754750418663025,
    0.9052478408813477,
    0.8661017441749572,
    0.8317255806922913,
    0.8398066687583924,
    0.8349208545684814,
    0.8213164353370667,
    0.8091322088241577,
    0.8025516200065613,
    0.7832021427154541,
    0.7719850349426269,
    0.7760861349105835,
    0.7571587014198303,
    0.7583695125579833,
    0.7606038689613343,
    0.7405641531944275,
    0.7379058694839478,
    0.7440000391006469,
    0.7408382606506347,
    0.7447160649299621,
    0.742350947856903,
    0.7334101390838623,
    0.7336238932609558,
    0.7310786128044129,
    0.737199227809906,
    0.7364441609382629,
    0.7361354660987854,
    0.7410256242752076,
    0.735906388759613,
    0.7378656458854675,
    0.7326496720314026,
    0.7352882194519043,
    0.7389698791503906,
    0.7373908877372741,
    0.7425186800956726,
    0.7441566634178162,
    0.7384149837493896,
    0.7396732687950134,
    0.7435773420333862,
    0.7398506236076355,
    0.7415539312362671,
    0.7408534717559815,
    0.7404869103431702,
    0.7436491203308105,
    0.743286645412445,
    0.7403145551681518,
    0.7398576068878174,
    0.7377148056030274,
    0.7440022516250611,
    0.7415567541122436
  ],
  "val_acc": [
    81.24697921701305,
    83.29305622684066,
    86.08023199613339,
    84.67858869018849,
    87.15965845013694,
    87.43354277428709,
    88.41630417270824,
    88.11019816336395,
    87.69131625584018,
    88.49685838569357,
    88.80296439503786,
    88.62574512647011,
    89.12518124697921,
    88.99629450620267,
    87.77187046882553,
    89.41517641372644,
    89.49573062671178,
    88.0296439503786,
    88.36797164491703,
    89.4796197841147,
    88.73852102464959,
    89.64072821008538,
    89.64072821008538,
    90.17238601578863,
    90.02738843241501,
    90.25294022877397,
    90.20460770098276,
    89.68906073787659,
    90.09183180280328,
    90.20460770098276,
    90.41404865474465,
    90.25294022877397,
    90.10794264540036,
    90.44627033993878,
    90.17238601578863,
    90.01127758981795,
    90.36571612695344,
    90.52682455292411,
    90.15627517319156,
    90.18849685838569,
    89.96294506202675,
    90.18849685838569,
    90.2851619139681,
    90.15627517319156,
    90.04349927501208,
    90.75237634928307,
    90.46238118253585,
    90.76848719188014,
    90.25294022877397,
    90.52682455292411
  ]
}