{
  "train_loss": [
    2.215090658929613,
    1.543784671359592,
    1.1724165659962278,
    1.0344639306116585,
    0.9628646274407705,
    0.9281697471936544,
    0.8932281160595441,
    0.8752050526214369,
    0.8577721657777073,
    0.8459461810010852,
    0.836020834819235,
    0.7871154504592972,
    0.767199616540562,
    0.7600756474215575,
    0.7569583232956704,
    0.7512038771552269,
    0.7481157177626484,
    0.7417672950812061,
    0.7415436078803708,
    0.7357842627197805,
    0.7371931933995449,
    0.7322199988846827,
    0.7319338679915727,
    0.7304356221598808,
    0.7296965209522632,
    0.7267753731722784,
    0.7268345702176142,
    0.725760716380495,
    0.7221704968298325,
    0.7247946030563779,
    0.732886978472122,
    0.7276635052579822,
    0.7243433221422061,
    0.7232869685900332,
    0.7216325730386407,
    0.7190258545104904,
    0.7193772567040992,
    0.7126233120157262,
    0.712156127799641,
    0.7106144184415991,
    0.7088667651017507,
    0.7071859695092596,
    0.7048260939843727,
    0.7031385907621095,
    0.7003566737126823,
    0.6999513612251089,
    0.7006703097410877,
    0.6983483505971504,
    0.6954058167910335,
    0.6916571659873231,
    0.6918852687484086,
    0.693729539110203,
    0.6904707051286794,
    0.6898543599880103,
    0.6872389154000715,
    0.6863380098583722,
    0.6869232952594757,
    0.6852389552978554,
    0.6813998896666248,
    0.6868350213826305,
    0.6821912036399649,
    0.6831826176306214,
    0.6814911485922457,
    0.6826960305974941,
    0.6789423004545346,
    0.6842774068466341,
    0.6808379220240044,
    0.6790214189977357,
    0.6816711663597762,
    0.6800581924240998,
    0.6873390493970929,
    0.6884449040046846,
    0.6850737938375184,
    0.6890207887297929,
    0.685708263004669,
    0.6846155439964449,
    0.6845487744519205,
    0.6823786641612197,
    0.6791008090732074,
    0.6819357971350352,
    0.6808669759769632,
    0.6794053897111103,
    0.6788521418065736,
    0.6761960071144681,
    0.6747553192003809
  ],
  "train_acc": [
    28.98196028895117,
    55.68231160936328,
    71.55094145975605,
    78.18260766589034,
    81.26554296767063,
    82.66687719575258,
    84.26952986223503,
    84.7076935222832,
    85.34322820037106,
    85.7221805550073,
    86.02218450242766,
    88.40247897998658,
    89.30249082224766,
    89.52354636245214,
    89.81170804879011,
    90.07618521296332,
    90.15513362017921,
    90.5775075987842,
    90.58145501914498,
    90.83014250187503,
    90.88935380728694,
    91.33541230805669,
    91.0472506217187,
    91.19330517506809,
    91.50515138357083,
    91.35514940986066,
    91.31962262661351,
    91.55252042790036,
    91.6669956183634,
    91.49330912248845,
    90.94067027197727,
    91.0590928828011,
    91.35514940986066,
    91.40646587455097,
    91.75383886630087,
    91.85647179568153,
    91.60383689259069,
    91.91173568073265,
    91.943315043619,
    92.12884380057632,
    92.08147475624679,
    92.2748983539257,
    92.2156870485138,
    92.34200450005922,
    92.70121975289149,
    92.61437650495401,
    92.53148067737733,
    92.63016618639719,
    92.73279911577784,
    93.12359373149647,
    92.93806497453915,
    93.00517112067264,
    93.00911854103343,
    92.95385465598231,
    93.26964828484586,
    93.21833182015553,
    93.11175147041408,
    93.19859471835156,
    93.56175739154463,
    93.35254411242254,
    93.53017802865827,
    93.42359767891683,
    93.53017802865827,
    93.42359767891683,
    93.6486006394821,
    93.5104409268543,
    93.49859866577192,
    93.75518098922355,
    93.49070382505033,
    93.5814944933486,
    93.13148857221806,
    93.04464532428058,
    93.23412150159871,
    93.11175147041408,
    93.22227924051633,
    93.28938538664983,
    93.19859471835156,
    93.32885959025776,
    93.54596771010145,
    93.32491216989698,
    93.51833576757589,
    93.41965025855603,
    93.51438834721509,
    93.7907077724707,
    93.59333675443098
  ],
  "val_loss": [
    1.8400984733335433,
    1.2718563310561641,
    1.1071573822729048,
    0.9954701239062894,
    1.068985350670353,
    0.9661647542830436,
    0.91066361242725,
    1.0587240688262447,
    0.9472939487426512,
    0.9060036578486043,
    0.9380722565035666,
    0.8617302794610301,
    0.8586126681297056,
    0.8519286167237067,
    0.8525105080296916,
    0.8470882696490134,
    0.846311544218371,
    0.8488347761092647,
    0.8468415775606709,
    0.845743921495253,
    0.8420515195015938,
    0.8424188533136922,
    0.8407294673304404,
    0.842551177547824,
    0.8406314388398202,
    0.8399495213262497,
    0.8385440899479774,
    0.8368130960772114,
    0.8382793453431898,
    0.8399422226413604,
    0.8476661520619546,
    0.8502782621691304,
    0.8419344617474463,
    0.8739156684567851,
    0.8482492604563313,
    0.8483403209717043,
    0.8474307233287443,
    0.8516800711231847,
    0.8431169256087272,
    0.8510403902299942,
    0.8541717779251837,
    0.842509062059464,
    0.844289529708124,
    0.8488754630088806,
    0.8491052485281422,
    0.8480650571084791,
    0.8559739320508896,
    0.8500859718168935,
    0.8519968525055917,
    0.8507818195127672,
    0.8505700711281069,
    0.8490401141105159,
    0.8456561411580732,
    0.8515682047413241,
    0.8521072345395242,
    0.8503208852583363,
    0.8450681182645983,
    0.8471261589757858,
    0.8466136590127022,
    0.8477608369242761,
    0.8451267961532839,
    0.8485328997335126,
    0.8463584473056178,
    0.8463536039475472,
    0.845444054372849,
    0.8445441357551082,
    0.8444083467606576,
    0.8459868181136346,
    0.8444984189925655,
    0.8440569004704875,
    0.8536548902911525,
    0.8582889322311648,
    0.8562684366779942,
    0.8640202418450387,
    0.8626513865686232,
    0.8634032664760467,
    0.8528311175684775,
    0.8528696817736472,
    0.8528982593167213,
    0.8780468087042531,
    0.8455068853593641,
    0.8633021962258124,
    0.8643387882940231,
    0.8456672256992709,
    0.856185503544346
  ],