{
  "train_loss": [
    1.8727354939494814,
    1.339877566056592,
    1.1645499052745956,
    1.0884957600917136,
    1.0431177163762706,
    1.012330771024738,
    0.9861994859363351,
    0.9648795085293906,
    0.9523097431021077,
    0.9422769865819386,
    0.9276840489889894,
    0.9131039875958648,
    0.8955991598112243,
    0.880605081894568,
    0.8712099732032844,
    0.863840145191976,
    0.8542584590613842,
    0.847479275826897,
    0.8361066201967853,
    0.8301185630261898,
    0.8263045751622745,
    0.8178356194070407,
    0.8160630975450788,
    0.810548904218844,
    0.8084813760859626,
    0.800838905785765,
    0.7967917168779033,
    0.7954979565526757,
    0.7938959401633058,
    0.788863515747445,
    0.7865223602524826,
    0.7828913086227008,
    0.7799559608101845,
    0.7791936919093132,
    0.7780797800847462,
    0.7727300977068288,
    0.7706502840987274,
    0.7699946111866406,
    0.7691253838794572,
    0.7652981371751854,
    0.7651037871837616,
    0.7625331186822483,
    0.7625440561345646,
    0.7624440278325763,
    0.7604614480265549,
    0.7582436257175037,
    0.758812430713858,
    0.7569320627621242,
    0.7585751164172377,
    0.7558516418295247
  ],
  "train_acc": [
    43.150901613413474,
    65.7632957221695,
    73.00432352631024,
    76.6705332349116,
    78.34018770431298,
    80.00984217371436,
    80.8007311329045,
    81.9642166684242,
    82.50202116067348,
    82.83595205455376,
    83.52138915251854,
    84.23143168476923,
    85.06098632640867,
    85.665576997434,
    86.2033814896833,
    86.64276424478892,
    86.99778551091427,
    87.21220429540581,
    87.79921965622694,
    87.97848782031002,
    88.08393968153538,
    88.48817181623255,
    88.53035256072269,
    88.8818587648072,
    89.05409680480861,
    89.23688003093254,
    89.75007908889592,
    89.521600056241,
    89.76062427501846,
    89.9820731835917,
    90.0840099827762,
    90.01370874195929,
    90.30897395339028,
    90.29139864318606,
    90.56557348237196,
    90.64290484727056,
    90.678055467679,
    90.72375127420999,
    90.61829941298464,
    90.93817005870153,
    90.9346549966607,
    91.23343527013252,
    91.28967626278603,
    90.92059474849731,
    91.17367921543816,
    91.39864318605224,
    91.25452564237759,
    91.31076663503111,
    91.25452564237759,
    91.3494323174804
  ],
  "val_loss": [
    1.3272273341814678,
    1.1118720173835754,
    1.0202356179555256,
    0.9881566166877747,
    0.9534962375958761,
    0.9361581007639567,
    0.9408200283845266,
    0.9152408540248871,
    0.918251097202301,
    0.9229923188686371,
    0.9010581572850546,
    0.899390439192454,
    0.8824117283026377,
    0.8943508466084799,
    0.8841640055179596,
    0.8965818285942078,
    0.8710511227448782,
    0.8652105132738749,
    0.8601466715335846,
    0.864752729733785,
    0.8472215135892233,
    0.8731270730495453,
    0.8455812931060791,
    0.8564723630746206,
    0.8573400974273682,
    0.8406748572985331,
    0.8434745371341705,
    0.8568467597166697,
    0.8502095441023508,
    0.8499974608421326,
    0.846696525812149,
    0.8455941081047058,
    0.8418976962566376,
    0.8463724056879679,
    0.8517617682615916,
    0.8401914040247599,
    0.8374200562636057,
    0.8469244142373403,
    0.8388481438159943,
    0.8414752384026846,
    0.8359094659487406,
    0.8401362895965576,
    0.840404232343038,
    0.8379807968934377,
    0.8370783527692159,
    0.838709145784378,
    0.8384205301602682,
    0.8382498224576315,
    0.8377437392870585,
    0.8378509978453318
  ],
  "val_acc": [
    66.56346749226006,
    74.14860681114551,
    77.3219814241486,
    78.328173374613,
    79.95356037151703,
    80.57275541795666,
    79.25696594427245,
    81.81114551083591,
    82.6625386996904,
    82.6625386996904,
    82.81733746130031,
    83.59133126934985,
    83.74613003095975,
    83.9783281733746,
    85.06191950464397,
    84.52012383900929,
    84.6749226006192,
    83.9783281733746,
    86.14551083591331,
    85.52631578947368,
    86.06811145510837,
    85.21671826625386,
    86.53250773993808,
    86.53250773993808,
    84.28792569659443,
    86.30030959752322,
    86.37770897832817,
    86.22291021671826,
    86.06811145510837,
    85.75851393188854,
    86.06811145510837,
    87.07430340557275,
    86.53250773993808,
    86.76470588235294,
    85.9907120743034,
    86.9969040247678,
    86.53250773993808,
    87.15170278637771,
    86.9969040247678,
    86.9969040247678,
    87.22910216718266,
    87.22910216718266,
    87.07430340557275,
    86.9969040247678,
    87.22910216718266,
    86.9969040247678,
    86.91950464396285,
    87.15170278637771,
    87.15170278637771,
    87.15170278637771
  ],
  "val_macro_f1": [
    0.5772942109686111,
    0.7309938955473393,
    0.7762490293306089,
    0.7902261837099566,
    0.8117198875116863,
    0.8268936086560577,
    0.8051956424730377,
    0.8368615828550471,
    0.8434724079088328,
    0.8475339496853488,
    0.8410739704963318,
    0.8570743132718119,
    0.857152837049748,
    0.8583273785364361,
    0.868458751519943,
    0.8651654042146016,
    0.8689619945455528,
    0.8594420357810435,
    0.8784435003054805,
    0.8733933009884481,
    0.878684547275936,
    0.8741631255543818,
    0.882671769110455,
    0.8828432899785733,
    0.865697195600572,
    0.8812644518504295,
    0.8783362727516567,
    0.8823413291703383,
    0.8757426613011298,
    0.8747165687354399,
    0.8796880549651077,
    0.8895065264151119,
    0.8857672972028583,
    0.8890369697736076,
    0.8809064681757857,
    0.8893296888972789,
    0.8878427696080213,
    0.8915812190155016,
    0.8889785223729364,
    0.8893622986153619,
    0.8911383517341092,
    0.8924539725530404,
    0.8918183640804576,
    0.89153840492687,
    0.8926884385732743,
    0.8901946268762136,
    0.8905355215455142,
    0.8919900064879762,
    0.892188765370928,
    0.8921736592927028
  ]
}