{
  "train_loss": [
    1.5977528232388791,
    1.0334472927899487,
    0.9178681452717401,
    0.8745096257302614,
    0.8424415867940515,
    0.8249275673807195,
    0.8208701518257108,
    0.8175244270700269,
    0.8114419070492803,
    0.8088729312989564,
    0.8025908575648755,
    0.7979950556712868,
    0.7827193317687617,
    0.7768610473227712,
    0.770624249646094,
    0.768974714047086,
    0.7628895927846959,
    0.7556445216183114,
    0.746432411459695,
    0.7426458365094345,
    0.7413589806683296,
    0.7381700272053744,
    0.7390012031635352,
    0.7359202245695401,
    0.7292604485971738,
    0.7308415068989307,
    0.7281363949311518,
    0.7338636237963111,
    0.7260053281762958,
    0.7194652573197289,
    0.7095767249048284,
    0.7108658826456661,
    0.7091643148291428,
    0.7073746616333987,
    0.71164148966823,
    0.7099684247400908,
    0.7017212067030173,
    0.7016825522996682,
    0.6983896093030947,
    0.692508025243219,
    0.6923613574652545,
    0.6898123526995161,
    0.687077803158127,
    0.6898007187168155,
    0.6864507203608488,
    0.6794883511235229,
    0.6782313012971287,
    0.6825724679284391,
    0.6764177413640824,
    0.6717636817324478,
    0.67050932097224,
    0.6720662256785198,
    0.6653705940837353,
    0.6646962587812305,
    0.6633485041360939,
    0.6588351280815834,
    0.659085176687325,
    0.6537512501256656,
    0.6543079783431197,
    0.6524476968081652,
    0.6519335215598081,
    0.6491640603120348,
    0.6482335479386085,
    0.6465473304280137,
    0.6443201145239635,
    0.6446072013504738,
    0.6394815903849307,
    0.6395049467023495,
    0.6373628454398265,
    0.6343999077788497,
    0.6339517889824589,
    0.6341356054871483,
    0.6322055907376045,
    0.6294789063719521,
    0.6278361833728521,
    0.6283363103866577,
    0.623695491425759,
    0.6270879931681979,
    0.6218372206244849,
    0.6217593490022474,
    0.621190390755645,
    0.6199859338524067,
    0.6198486390367018,
    0.6176795326502977,
    0.615958130728882,
    0.6172715981977176,
    0.6167580485343933,
    0.6147020395878142,
    0.6133916225053567,
    0.6133109618604711,
    0.6114000055642255,
    0.612247603393234,
    0.611513883930392,
    0.6117228491116414,
    0.6107793152332306,
    0.6099388058734151,
    0.6105082939683864,
    0.6109316586393171,
    0.6117402259754924,
    0.6101818163838006
  ],
  "train_acc": [
    54.52306625043358,
    77.59278529309746,
    82.69510926118626,
    84.19701699618453,
    85.59139784946237,
    86.21227887617066,
    86.46548733957682,
    86.48976760319113,
    86.62851196670135,
    86.73603884842179,
    86.93374956642387,
    87.21123829344432,
    87.98473812001387,
    88.24488380159556,
    88.33159902878946,
    88.4148456468956,
    88.79292403746098,
    89.01144640998959,
    89.3721817551162,
    89.54561220950399,
    89.8196323274367,
    89.91328477280611,
    89.86472424557752,
    89.9445022545959,
    90.28442594519598,
    89.98265695456122,
    90.14568158168575,
    89.85431841831425,
    90.33645508151231,
    90.63128685397156,
    91.04751994450226,
    91.08567464446757,
    91.08914325355532,
    91.24869927159209,
    90.98161637183489,
    91.07873742629205,
    91.58862296219216,
    91.61290322580645,
    91.5851543531044,
    91.99791883454735,
    92.11238293444329,
    92.15053763440861,
    92.20603537981269,
    91.98404439819632,
    92.386403052376,
    92.49046132500867,
    92.57370794311481,
    92.26153312521679,
    92.542490461325,
    92.96566077003122,
    92.89628858827611,
    92.90669441553936,
    93.18765175164759,
    93.05584460631287,
    93.25355532431495,
    93.47901491501908,
    93.37148803329865,
    93.72181755116199,
    93.57613596947624,
    93.72181755116199,
    93.70794311481096,
    93.83281304197017,
    94.01318071453348,
    93.93340270551509,
    94.1449878598682,
    94.21089143253555,
    94.4120707596254,
    94.2629205688519,
    94.5369406867846,
    94.69996531390912,
    94.64793617759278,
    94.63753035032951,
    94.71037114117239,
    94.85258411377038,
    94.90808185917447,
    94.90808185917447,
    95.17169614984391,
    94.98785986819286,
    95.20291363163372,
    95.31044051335415,
    95.23066250433577,
    95.42143600416233,
    95.39368713146028,
    95.48387096774194,
    95.5809920221991,
    95.45265348595213,
    95.50468262226848,
    95.68158168574402,
    95.65383281304197,
    95.67811307665626,
    95.82032604925425,
    95.78910856746445,
    95.77176552202567,
    95.75789108567464,
    95.84113770378079,
    95.83766909469303,
    95.92438432188692,
    95.76482830385015,
    95.83420048560527,
    95.86541796739508
  ],
  "val_loss": [
    1.1451302008195356,
    1.0161496725949375,
    0.9555284380912781,
    0.8982848091558977,
    0.9252769730307839,
    0.9079604365608909,
    0.8748698234558105,
    0.9998716928742148,
    1.110271616415544,
    0.9659539352763783,
    0.9210827133872292,
    0.8827335834503174,
    0.9603012746030634,
    0.8650090802799572,
    0.8748292977159674,
    1.0027953657236965,
    0.8987864581021395,
    0.8695874430916526,
    0.8758256381208246,
    0.9087350910360162,
    0.8979416001926769,
    0.8753462488001044,
    0.8534779711203142,
    0.9017674652012911,
    0.8495716127482328,
    0.8810827569528059,
    0.9337614991448142,
    0.8680708787657998,
    0.8709827769886364,
    0.8633709875020114,
    0.87548828125,
    0.9303089488636364,
    0.8636243343353271,
    0.8339689048853788,
    0.8585540056228638,
    0.8563769459724426,
    0.8392878770828247,
    0.8412608233365145,
    0.8509251258590005,
    0.8602631796490062,
    0.8649145689877596,
    0.8597509969364513,
    0.8409813642501831,
    0.8665387684648688,
    0.8310715176842429,
    0.8582835522564974,
    0.8404179052873091,
    0.844004441391338,
    0.8543793504888361,
    0.8716497800566934,
    0.8272735693237998,
    0.8570116812532599,
    0.8526244434443387,
    0.8405330885540355,
    0.8298581080003218,
    0.836448154666207,
    0.8488461700352755,
    0.8596527955748818,
    0.8415460261431608,
    0.8204649524255232,
    0.8699247457764365,
    0.8541856841607527,
    0.8378176960078153,
    0.8548980246890675,
    0.8594520633870905,
    0.8394341631369158,
    0.8416894186626781,
    0.8446876352483575,
    0.8411770192059603,
    0.8496428782289679,
    0.832552736455744,
    0.8380670276555148,
    0.8502595803954385,
    0.8412035812031139,
    0.8463747663931414,
    0.8432579257271506,
    0.8361375602808866,
    0.8559512170878324,
    0.8409284515814348,
    0.8480153571475636,
    0.8456874706528403,
    0.8417675603519786,
    0.8345785953781821,
    0.8438806479627435,
    0.8414911411025308,
    0.8345956206321716,
    0.836010754108429,
    0.8326691605828025,
    0.8366398161107843,
    0.8403644236651334,
    0.8370870026675138,
    0.8380662907253612,
    0.83565077456561,
    0.8352979909289967,
    0.8335334008390253,
    0.8322329250248995,
    0.8341111811724576,
    0.8318076242100109,
    0.8345627297054637,
    0.8346674008802935
  ],