{
  "train_loss": [
    2.2583987096055824,
    1.730024634309076,
    1.2976797048132218,
    1.145630512071486,
    1.047665716700293,
    0.9677263747400312,
    0.9424271963128996,
    0.9177327947830086,
    0.894916664605117,
    0.8787547047458478,
    0.8705770690642779,
    0.8123504599528526,
    0.7969377666563537,
    0.7917132395416943,
    0.785282753593293,
    0.7801702236061665,
    0.7750831258237658,
    0.7722016397993363,
    0.7696926795428072,
    0.7651281306399634,
    0.7608123561043051,
    0.7565724298135558,
    0.7561712727617862,
    0.7523604477222879,
    0.752859896095238,
    0.7486124258136275,
    0.750251230019242,
    0.7467224084915807,
    0.7485083282290407,
    0.7462770372480896,
    0.755276961706171,
    0.749117946150291,
    0.7469115227609131,
    0.7455508000222012,
    0.7438525999363382,
    0.7412239630423968,
    0.7413715450324823,
    0.7378418670957955,
    0.7290123701095581,
    0.728249617180421,
    0.7273381545175961,
    0.7269114807470521,
    0.724401147211369,
    0.7233514148204481,
    0.7213665970522373,
    0.7183710333719775,
    0.7149840243420198,
    0.7159494315806906,
    0.712296863100422,
    0.709375846445264,
    0.7124090405245919,
    0.7093194453277398,
    0.7072302058561525,
    0.7065728090295744,
    0.7060427366204522,
    0.702767342180755,
    0.7045072589940693,
    0.7007523051541836,
    0.6969118646128261,
    0.6982970421587057,
    0.6984515975956893,
    0.6972755540662737,
    0.6958606065209232,
    0.6970638677255431,
    0.6959532179049591,
    0.6987423004202582,
    0.6934930898656892,
    0.6979338523760363,
    0.6955833197826177,
    0.6941501904482865,
    0.7010872939332801,
    0.7035056165794829,
    0.7022468735329548,
    0.704895179959672,
    0.7009324523346934,
    0.7016690417901793,
    0.6987507794033828,
    0.6952147620234324,
    0.69686161760074,
    0.6987936897064323,
    0.6941784196232089,
    0.6940871669878415,
    0.6945747151896728,
    0.6915708786219507,
    0.6916129526807301,
    0.6898560188896027,
    0.6883937556352189,
    0.6871303076767803,
    0.684761844167662,
    0.6864403616729661
  ],
  "train_acc": [
    24.853266995763207,
    47.91852917168733,
    65.23496715512886,
    72.34422979748902,
    77.45170443502934,
    80.7867221207292,
    81.86729894663195,
    82.90511913553854,
    83.83799121545458,
    84.36273176040736,
    85.15955999533564,
    87.30516577914254,
    87.95040230108447,
    88.36242080304739,
    88.74723053601275,
    88.922144050997,
    89.15147510397637,
    89.17479690597426,
    89.59458934193648,
    89.51685000194348,
    90.04936448089556,
    90.18540832588332,
    90.06102538189451,
    90.51191355385393,
    90.29424340187352,
    90.35643487386793,
    90.33311307187002,
    90.48470478485638,
    90.56633109184904,
    90.41085241186302,
    90.07268628289346,
    90.46138298285848,
    90.67905313483888,
    90.71403583783574,
    90.58187895984763,
    90.75679247483188,
    90.78400124382944,
    90.86174058382244,
    91.31651572278152,
    91.49920317176507,
    91.47588136976717,
    91.51475103976367,
    91.64302095075213,
    91.71687332374547,
    91.90344773972869,
    91.91510864072764,
    92.31546624169161,
    92.17942239670386,
    92.17942239670386,
    92.27659657169511,
    92.1910832977028,
    92.4165273836825,
    92.47871885567692,
    92.48649278967622,
    92.59921483266606,
    92.63031056866328,
    92.79356318264858,
    92.85186768764333,
    93.03844210362654,
    92.98791153263109,
    93.0423290706262,
    92.98402456563144,
    92.98013759863179,
    93.06565087262409,
    93.06176390562445,
    93.0811987406227,
    93.18614684961325,
    92.91794612663739,
    93.1511641466164,
    93.17448594861429,
    92.64585843666187,
    92.51370155867377,
    92.70416294165662,
    92.57977999766781,
    92.80522408364753,
    92.54868426167062,
    92.79745014964823,
    93.09674660862129,
    92.88296342364053,
    92.79745014964823,
    93.09674660862129,
    93.04621603762584,
    92.88296342364053,
    93.02289423562794,
    93.24056438760834,
    93.29109495860381,
    93.10452054262059,
    93.36883429859681,
    93.41159093559295,
    93.31052979360206
  ],
  "val_loss": [
    1.8321369424943001,
    1.3879010715792257,
    1.1936287149306266,
    1.0323064269558075,
    0.9662703602544723,
    0.9306914998639014,
    0.9572424523292049,
    0.9116484426682995,
    0.986470760837678,
    0.9117629681864092,
    0.9482088685035706,
    0.8646583364855859,
    0.8611948701643175,
    0.8551247850541146,
    0.8604553937911987,
    0.8575545011028167,
    0.8561908987260634,
    0.8580810196938053,
    0.8480436686546572,
    0.8510674757342185,
    0.8472813598571285,
    0.8497547295785719,
    0.8448756067983566,
    0.8488972475451808,
    0.8446244039843159,
    0.8445688409190024,
    0.8452969251140472,
    0.8436590913803347,
    0.8434896603707345,
    0.842874901909982,
    0.8537064733043793,
    0.8526481947591228,
    0.8452409544298726,
    0.8428857980235931,
    0.8620288871949718,
    0.8497900212964704,
    0.8461723404545938,
    0.8465354519505655,
    0.8666765401440282,
    0.8530604723961123,
    0.8531365125410019,
    0.8545428725980944,
    0.848905703713817,
    0.8429884583719315,
    0.8480426053847036,
    0.8487930547806525,
    0.8525786669023575,
    0.8489602823411265,
    0.8490972768875861,
    0.8584088279354957,
    0.8499738689391844,
    0.8529960551569539,
    0.8531336034497907,
    0.849663249907955,
    0.8547668572395078,
    0.8500154229902452,
    0.8499800312903619,
    0.8508480018185031,
    0.8549699225733357,
    0.8502777276500579,
    0.8468225752153704,
    0.8499528688769187,
    0.8477817696909751,
    0.8513300361171845,
    0.8488512154548399,
    0.8495348730394917,
    0.8509113884741261,
    0.8498977807260328,
    0.8494214280959098,
    0.847323065803897,
    0.8656634842195818,
    0.8510084632904299,
    0.8585492872422741,
    0.8717169588611972,
    0.8752651522236485,
    0.8712699644027218,
    0.8762567562441672,
    0.8592046480025014,
    0.8598808742338612,
    0.8562538604582509,
    0.8662453736028364,
    0.8595683824631476,
    0.8602362178987072,
    0.8695148979463885,
    0.8639380989536163,
    0.8739189640168221,
    0.8554706035121795,
    0.8890424736084477,
    0.8616204107961347,
    0.8740756338642489
  ],