{
  "train_loss": [
    2.292546025430313,
    1.8700330733048796,
    1.4183640672702982,
    1.245793190267351,
    1.1488898077396432,
    1.0788328752975271,
    1.0269951745115145,
    0.9959961076577505,
    0.9652222915731296,
    0.9431385927730136,
    0.9186882563311645,
    0.8746890097555488,
    0.8638085563375493,
    0.8554413014590138,
    0.8551085130734877,
    0.8512086169888274,
    0.8467089172565576,
    0.8401687042881744,
    0.8398884399370714,
    0.8382916432438474,
    0.8351257353117971,
    0.8349551344760741,
    0.8320376225794205,
    0.8284944578854725,
    0.8297378330519705,
    0.8291250015750076,
    0.8273302942815454,
    0.8246456763961099,
    0.8220026158925259,
    0.8238064547379812,
    0.8308517270618014,
    0.827429762392333,
    0.8263971152329685,
    0.8240129387739933,
    0.8233805867758665,
    0.8186451494693756,
    0.8145735700323125,
    0.8136298219964961,
    0.8104766818008038,
    0.8066685311119965,
    0.8078604289377579,
    0.8041824505786703,
    0.8030751793071477,
    0.8020513671817202,
    0.802289838140661,
    0.8012049532297886,
    0.7987270897085016,
    0.7940723817757885,
    0.7972006767687171,
    0.7952708189535622,
    0.7917014811978196,
    0.7887919033416594,
    0.7909864975948526,
    0.7899592916170756,
    0.788912460358456,
    0.785707824157946,
    0.7848118284736016,
    0.7859678135977851,
    0.782281371680173,
    0.7811912237995803,
    0.7809069000109278,
    0.7790020499566589,
    0.7775778710240066,
    0.7786553185997587,
    0.7833249602052901,
    0.7788177523950134,
    0.7795306290640975,
    0.7788211290884499,
    0.7781538879028475,
    0.7801030618373794,
    0.782146201591299,
    0.7772664430767598,
    0.7816502855281637,
    0.7823494973808828
  ],
  "train_acc": [
    24.896380215529152,
    43.24793747286149,
    61.125804286898514,
    68.41274227292465,
    73.34307030355663,
    76.82864248213792,
    79.33130699088146,
    80.69316701535547,
    81.75107567204832,
    82.6431926735878,
    83.46425610863301,
    85.82876090474875,
    86.22745036118896,
    86.5392965696917,
    86.64982433979394,
    86.74456242845301,
    87.2300951328307,
    87.41957131014881,
    87.26167449571705,
    87.27746417716023,
    87.58931038566297,
    87.58536296530218,
    87.53799392097264,
    87.64457427071409,
    87.96431531993842,
    87.86562981091856,
    87.99589468282477,
    87.87352465164015,
    88.1774760194213,
    88.05510598823669,
    87.62878458927091,
    87.93668337741286,
    88.00378952354636,
    87.97221016066001,
    88.04326372715431,
    88.37089961710022,
    88.24063474519401,
    88.48142738720246,
    88.5959025776655,
    88.84064264003474,
    88.7340622902933,
    88.9353807286938,
    88.59984999802629,
    88.95906525085856,
    88.78537875498361,
    88.91169620652903,
    89.05775075987842,
    89.36170212765957,
    89.1445940078159,
    89.17222595034146,
    89.55512572533848,
    89.4801247384834,
    89.4801247384834,
    89.59065250858563,
    89.75644416373899,
    89.64196897327597,
    89.83933999131567,
    89.67749575652311,
    89.93407807997474,
    89.87091935420203,
    89.890656456006,
    90.15118619981841,
    89.9577626021395,
    90.05644811115936,
    89.78407610626455,
    90.13539651837525,
    90.0998697351281,
    90.14329135909684,
    90.0327635889946,
    90.0998697351281,
    89.82749773023329,
    90.25381912919907,
    90.0327635889946,
    89.72486480085264
  ],
  "val_loss": [
    1.9694949926868561,
    1.3910017821096605,
    1.325056556732424,
    1.18099449142333,
    1.13506019115448,
    1.028395696993797,
    0.9739444967239134,
    1.0399230180248138,
    0.9655457869652779,
    0.9666970506791146,
    1.1708480350432857,
    0.9187541007995605,
    0.9032976973441339,
    0.9049333872333649,
    0.9036931664712967,
    0.9011609554290771,
    0.9008740167463979,
    0.8982542349446204,
    0.9004238440144446,
    0.8985670458885932,
    0.899165311167317,
    0.9207025535645024,
    0.8971366843869609,
    0.8965662025636242,
    0.8950060567548198,
    0.893486870873359,
    0.8945418788540748,
    0.8938599651859652,
    0.8941700958436535,
    0.8941349925533417,
    0.9008727919670844,
    0.9043875567374691,
    0.8976617205527521,
    0.9008375944629792,
    0.8918873052443227,
    0.8913366083175905,
    0.8893907493160617,
    0.894860323398344,
    0.8906523566092214,
    0.8904344016505826,
    0.889017726144483,
    0.8880189311119818,
    0.8892470194447425,
    0.8889917039102123,
    0.8915884244826532,
    0.888748780373604,
    0.8874491376261557,
    0.8873973488807678,
    0.8859379695307824,
    0.8900250350275347,
    0.8866247592433807,
    0.8836012482643127,
    0.884353962636763,
    0.882606860130064,
    0.8825948622918898,
    0.8806565000164893,
    0.8873659583830065,
    0.8848768607262643,
    0.880445534183133,
    0.8828056608476946,
    0.8819656314388398,
    0.882169246673584,
    0.8828866750963272,
    0.883092132306868,
    0.8817221964559248,
    0.882613362804536,
    0.8815924640624754,
    0.8819389112534062,
    0.8822387379984702,
    0.8809838660301701,
    0.8891796873461816,
    0.8960070590819081,
    0.8836042977148487,
    0.909141811632341
  ],
  "val_acc": [
    44.19204956117708,
    63.500258131130614,
    64.79091378420237,
    69.33402168301497,
    72.79297883324729,
    77.23283427981414,
    79.01393908105318,
    75.2968508002065,
    79.01393908105318,
    79.89158492514197,
    72.27671657201859,
    81.20805369127517,
    83.14403717088281,
    82.67940113577697,
    83.37635518843572,
    83.09241094475993,
    83.0665978316985,
    83.11822405782138,
    82.73102736189985,
    83.0665978316985,
    83.01497160557564,
    82.16313887454827,
    83.45379452762003,
    83.40216830149716,
    83.09241094475993,
    83.40216830149716,
    83.68611254517295,
    83.76355188435726,
    83.81517811048012,
    83.68611254517295,
    82.83427981414559,
    83.19566339700567,
    83.29891584925142,
    83.53123386680434,
    83.5828600929272,
    83.91843056272586,
    83.866804336603,
    83.45379452762003,
    83.89261744966443,
    83.68611254517295,
    83.73773877129582,
    83.78936499741869,
    84.0216830149716,
    83.866804336603,
    83.76355188435726,
    83.53123386680434,
    84.04749612803305,
    83.84099122354156,
    84.43469282395456,
    83.84099122354156,
    84.15074858027879,
    84.43469282395456,
    84.5379452762003,
    84.74445018069179,
    84.30562725864739,
    84.56375838926175,
    84.27981414558596,
    84.27981414558596,
    84.56375838926175,
    84.27981414558596,
    84.35725348477027,
    84.58957150232318,
    84.33144037170882,
    84.33144037170882,
    84.30562725864739,
    84.66701084150749,
    84.58957150232318,
    84.35725348477027,
    84.20237480640165,
    84.33144037170882,
    83.99586990191017,
    83.84099122354156,
    84.35725348477027,
    82.60196179659268
  ],