{
  "train_loss": [
    1.3610234475861032,
    0.9871056757499057,
    0.9039948707297728,
    0.8490305644930995,
    0.8117892837343107,
    0.7847177399881893,
    0.7649263687460142,
    0.7411094455211334,
    0.7268051289786858,
    0.7143257831439319,
    0.7029107219819334,
    0.6931552653530252,
    0.689490887148752,
    0.6812277123501999,
    0.6764496254377039,
    0.6600813074710251,
    0.6542016254178471,
    0.6501433362072412,
    0.6479253433503126,
    0.6462726960164059,
    0.6440800355867741,
    0.6420250102141057,
    0.6412328010276244,
    0.635296834059088,
    0.63040783446098,
    0.6312112529468173,
    0.6286415337609701,
    0.6273210588063577,
    0.6274900363878605,
    0.6248922928204554,
    0.6239894447217876,
    0.6235214183992306,
    0.6221871704656362,
    0.6218845576841115,
    0.6175488215435594,
    0.6155074417817729,
    0.6148655845185197,
    0.614590783309574,
    0.6150314955203705,
    0.6130056807296811,
    0.6124819313165353,
    0.6120904246663866,
    0.6106760472399201,
    0.6092301285312203,
    0.6080957748590766,
    0.6075676357791451,
    0.6072593693950784,
    0.6067002538039203,
    0.6057604809677646,
    0.6062607069432508
  ],
  "train_acc": [
    65.54464285714286,
    82.54464285714286,
    85.80505952380952,
    87.8110119047619,
    89.01339285714286,
    90.08035714285714,
    90.51488095238095,
    91.29910714285714,
    91.61755952380952,
    91.85565476190476,
    92.34375,
    92.70535714285714,
    92.79017857142857,
    93.14880952380952,
    93.41964285714286,
    93.95535714285714,
    94.12946428571429,
    94.36755952380952,
    94.48511904761905,
    94.61458333333333,
    94.62797619047619,
    94.75892857142857,
    94.75446428571429,
    95.01190476190476,
    95.34970238095238,
    95.28422619047619,
    95.4360119047619,
    95.36904761904762,
    95.43303571428571,
    95.5952380952381,
    95.65327380952381,
    95.62946428571429,
    95.80952380952381,
    95.76785714285714,
    96.01785714285714,
    96.16220238095238,
    96.09077380952381,
    96.17857142857143,
    96.12053571428571,
    96.20982142857143,
    96.36011904761905,
    96.27380952380952,
    96.41815476190476,
    96.4702380952381,
    96.57440476190476,
    96.47470238095238,
    96.64434523809524,
    96.64434523809524,
    96.7172619047619,
    96.61309523809524
  ],
  "val_loss": [
    0.9664246249198913,
    0.8858444929122925,
    0.832435085773468,
    0.8270533895492553,
    0.7932307171821594,
    0.8044441795349121,
    0.805679817199707,
    0.7731669783592224,
    0.7565464162826538,
    0.7726570987701415,
    0.7528272175788879,
    0.7555659604072571,
    0.7487014365196228,
    0.7472363257408142,
    0.751193277835846,
    0.7419895172119141,
    0.7446123433113098,
    0.7398374080657959,
    0.7449992156028747,
    0.7419684982299805,
    0.7452463293075562,
    0.7479579877853394,
    0.7467869925498962,
    0.7470828318595886,
    0.7451258420944213,
    0.747018392086029,
    0.7471959161758422,
    0.7499373984336853,
    0.7510920357704163,
    0.7476574516296387,
    0.746044147014618,
    0.746385953426361,
    0.7508300280570984,
    0.7495101904869079,
    0.7508075904846191,
    0.7481835961341858,
    0.7509649586677551,
    0.7524782967567444,
    0.7517760872840882,
    0.7518064785003662,
    0.7524069690704346,
    0.7508091115951538,
    0.750095317363739,
    0.7502308940887451,
    0.751582510471344,
    0.7498246502876281,
    0.7508713459968567,
    0.7531657218933105,
    0.7511408472061157,
    0.7536361455917359
  ],
  "val_acc": [
    78.34702754954084,
    85.54857419043016,
    85.88690188496858,
    87.40132108909296,
    87.83631383921379,
    87.54631867246657,
    86.38633800547768,
    88.15853069115515,
    88.19075237634928,
    87.59465120025777,
    88.28741743193169,
    87.38521024649589,
    87.9329788947962,
    88.06186563557274,
    88.25519574673756,
    88.04575479297567,
    88.49685838569357,
    88.8835186080232,
    88.9318511358144,
    88.8835186080232,
    88.8835186080232,
    88.46463670049944,
    88.67407765426132,
    88.46463670049944,
    88.99629450620267,
    89.51184146930885,
    88.69018849685838,
    89.20573545996456,
    89.51184146930885,
    89.9307233768326,
    89.3829547285323,
    89.76961495086194,
    89.64072821008538,
    89.80183663605607,
    89.64072821008538,
    89.68906073787659,
    89.85016916384727,
    89.96294506202675,
    89.8340583212502,
    89.5279523119059,
    89.76961495086194,
    89.73739326566779,
    89.96294506202675,
    90.14016433059449,
    90.10794264540036,
    90.07572096020621,
    90.05961011760915,
    90.02738843241501,
    90.04349927501208,
    89.9790559046238
  ]
}