{
  "train_loss": [
    1.2515794061479115,
    0.8293667772838048,
    0.7800930094718933,
    0.7588926854587736,
    0.7459915527843294,
    0.7532394999549502,
    0.7354978800955273,
    0.7261346097219558,
    0.7237689465568179,
    0.7268999959173656,
    0.7187405297869728,
    0.7140040128571646,
    0.7370084649040586,
    0.7317692748705547,
    0.7149369898296538,
    0.7293208291417076
  ],
  "train_acc": [
    69.3110119047619,
    87.0610119047619,
    89.20535714285714,
    89.76190476190476,
    90.25446428571429,
    89.89732142857143,
    90.6264880952381,
    90.85119047619048,
    90.99107142857143,
    90.91815476190476,
    91.22619047619048,
    91.46875,
    90.55505952380952,
    90.67261904761905,
    91.31845238095238,
    90.8110119047619
  ],
  "val_loss": [
    0.8856123089790344,
    0.7998187055393141,
    0.8044234489908024,
    0.8149654536831136,
    0.7821688846665986,
    0.7902644714530633,
    0.7822340629538711,
    0.7895325762884957,
    0.7943759159165986,
    0.8104890074048724,
    0.8065696589800776,
    0.7995576505758324,
    0.837508605451,
    0.7978992924398306,
    0.7936028229946993,
    0.8136108359512018
  ],
  "val_acc": [
    82.43918156919607,
    87.04688255195747,
    85.35524407926535,
    83.64749476397616,
    86.14467536652167,
    86.96632833897213,
    86.82133075559852,
    86.48300306106009,
    86.14467536652167,
    85.80634767198325,
    85.88690188496858,
    86.11245368132754,
    84.35637183824714,
    86.03189946834219,
    87.90075720960206,
    85.50024166263896
  ],
  "val_macro_f1": [
    0.8205195577525419,
    0.8584598074083916,
    0.8332457723686767,
    0.8299672049408784,
    0.8664970321004007,
    0.8740631564508519,
    0.863536492218175,
    0.8576607455682138,
    0.8581395800393171,
    0.8588473691081799,
    0.8474365167986845,
    0.8597697655853902,
    0.8378060133962041,
    0.8627905814062641,
    0.8734598015566792,
    0.8417864192883745
  ]
}