{
  "train_loss": [
    1.6478694105362144,
    1.0594902295168205,
    0.9296939070983853,
    0.8793668570539876,
    0.8467749541650439,
    0.8374903677824901,
    0.8322116165952298,
    0.8175797844681505,
    0.8111354321107737,
    0.8145066737594091,
    0.7986975566154103,
    0.736177184923882,
    0.7167950149608835,
    0.7065436300140859,
    0.7004040824458203,
    0.69440538466244,
    0.6898331759756456,
    0.687036303394044,
    0.6809299933001599,
    0.6773750811414334,
    0.6755795286375311,
    0.6745190230185676,
    0.6689565334084857,
    0.6642416001969923,
    0.6653102630991572,
    0.6634021187577013,
    0.6585665933219841,
    0.6585447093296478,
    0.6583779718843811,
    0.6553856177180337,
    0.6697885527739076,
    0.6692185471410709,
    0.6666210793593539,
    0.6642064085990325,
    0.6618991023756463,
    0.6595597285860857,
    0.6570357621517952,
    0.6548369430640353,
    0.651088928160646,
    0.6517386682364973,
    0.649952315161581,
    0.6477164553954462,
    0.6447267115383405,
    0.642729258858035,
    0.6416880082121879,
    0.6384863949677335,
    0.6380143122822715,
    0.6357235205547692,
    0.6343047485223265,
    0.6320555530856008,
    0.6303026203082815,
    0.6315351729970342,
    0.6282744792544789,
    0.6270273517600089,
    0.6254132098681189,
    0.6235175934607673,
    0.6215146413833037,
    0.6214812569019506,
    0.6198394239750679,
    0.6219189423616691,
    0.6192791411160353,
    0.6180449582536124,
    0.615601893230404,
    0.6153839976263688,
    0.6138724123415925,
    0.6146559103187424,
    0.6140264553339492,
    0.6138801475811432,
    0.612238645019018,
    0.6130270540981549,
    0.6313122478835785,
    0.6313197858665022
  ],
  "train_acc": [
    52.15649056205842,
    76.82519596470878,
    81.97827691658757,
    83.92913634925657,
    85.20861893212415,
    85.65503181131147,
    85.4933389574326,
    86.48810151499174,
    86.5548876937678,
    86.4845864529509,
    87.16650848887483,
    89.73601884073254,
    90.72375127420999,
    91.55330591584942,
    91.60954690850294,
    91.880206685648,
    92.13680621462969,
    92.25280326197758,
    92.51643291504095,
    92.7624872579001,
    92.86793911912545,
    92.9030897395339,
    93.15617420647474,
    93.5041653485184,
    93.38816830117051,
    93.5041653485184,
    93.83106611831698,
    93.92948785546065,
    93.87324686280712,
    94.08766564729868,
    92.95230060810573,
    92.9804211044325,
    93.2932616260677,
    93.37762311504798,
    93.56392140321276,
    93.52877078280432,
    93.71506907096911,
    93.71858413300994,
    93.89082217301136,
    94.03845477872684,
    94.12984639178882,
    94.11930120566628,
    94.36887061056628,
    94.38293085872965,
    94.51298815424093,
    94.73443706281415,
    94.67116594607894,
    94.72740693873247,
    94.8785546064888,
    94.95237090934656,
    94.89964497873387,
    95.04376252240851,
    95.20545537628739,
    95.15624450771556,
    95.30387711343106,
    95.44447959506485,
    95.60968751098457,
    95.53938627016767,
    95.62374775914795,
    95.64835319343386,
    95.67647368976063,
    95.81707617139442,
    95.7608351787409,
    95.92252803261978,
    95.98931421139584,
    96.02797989384513,
    96.03852507996766,
    96.06313051425357,
    96.08070582445781,
    96.03501001792682,
    95.08594326689867,
    95.01212696404092
  ],
  "val_loss": [
    1.1434859904375942,
    0.9616332108324225,
    0.9490515860644254,
    0.9726851907643405,
    0.9484726894985546,
    0.9604986310005188,
    0.9335571364922957,
    0.8656316074458036,
    0.9630032615228132,
    0.9600108861923218,
    0.9237503084269437,
    0.8460239713842218,
    0.8429175290194425,
    0.8479436310854825,
    0.8398803309960798,
    0.8567906347188082,
    0.8489085490053351,
    0.8460161956873807,
    0.8501791466366161,
    0.8469266078688882,
    0.8539339195598256,
    0.8518520051782782,
    0.8530444448644464,
    0.8409912261095914,
    0.849431498484178,
    0.8446166352792219,
    0.8531500480391763,
    0.8457237427884882,
    0.8490195707841353,
    0.8474156856536865,
    0.8485906015742909,
    0.8534749041904103,
    0.8483519445766102,
    0.8495959747921337,
    0.8804250955581665,
    0.8686838095838373,
    0.8594983978704973,
    0.8343142216855829,
    0.8601392670111223,
    0.834222289648923,
    0.8422218669544567,
    0.8499990376559171,
    0.8669024814258922,
    0.8451529578729109,
    0.8494230562990362,
    0.8368315425786105,
    0.8403613621538336,
    0.8457310633225874,
    0.8625674464485862,
    0.8484811837022955,
    0.8338412154804576,
    0.8393556421453302,
    0.8788734837011858,
    0.8606553836302324,
    0.8592120192267678,
    0.8774474371563304,
    0.862765908241272,
    0.871454043821855,
    0.8716380487788807,
    0.8478614579547535,
    0.852135419845581,
    0.8591485240242698,
    0.8675459840080955,
    0.8767793720418756,
    0.8730336590246721,
    0.8715738003904169,
    0.8701979626308788,
    0.8834098306569186,
    0.8816395239396528,
    0.877886409109289,
    0.8452554182572798,
    0.8563830364834178
  ],
  "val_acc": [
    71.82662538699691,
    78.56037151702786,
    79.6439628482972,
    79.41176470588235,
    81.26934984520123,
    77.78637770897832,
    82.89473684210526,
    83.04953560371517,
    79.02476780185758,
    81.11455108359134,
    81.81114551083591,
    86.60990712074303,
    85.06191950464397,
    85.91331269349845,
    86.06811145510837,
    85.52631578947368,
    87.15170278637771,
    86.22291021671826,
    86.687306501548,
    87.22910216718266,
    86.14551083591331,
    87.22910216718266,
    87.15170278637771,
    87.84829721362229,
    87.61609907120743,
    87.46130030959752,
    88.0030959752322,
    88.312693498452,
    87.53869969040248,
    88.15789473684211,
    87.07430340557275,
    88.23529411764706,
    86.37770897832817,
    87.22910216718266,
    86.84210526315789,
    86.687306501548,
    88.312693498452,
    87.77089783281734,
    87.30650154798762,
    86.9969040247678,
    87.38390092879257,
    88.312693498452,
    87.15170278637771,
    88.39009287925697,
    87.92569659442725,
    89.0092879256966,
    88.312693498452,
    88.23529411764706,
    86.9969040247678,
    88.62229102167183,
    88.54489164086688,
    89.62848297213623,
    88.08049535603715,
    88.77708978328174,
    88.46749226006192,
    87.53869969040248,
    88.62229102167183,
    88.0030959752322,
    88.312693498452,
    88.62229102167183,
    88.69969040247678,
    88.39009287925697,
    88.77708978328174,
    88.46749226006192,
    88.77708978328174,
    88.15789473684211,
    88.312693498452,
    88.0030959752322,
    88.0030959752322,
    88.312693498452,
    88.62229102167183,
    88.46749226006192
  ],