{
  "train_loss": [
    1.252627854687827,
    0.9349290943145752,
    0.8639435668218703,
    0.8131804738725935,
    0.7714092270533244,
    0.7445120608238947,
    0.7295242277781169,
    0.7163453718594143,
    0.6946835845992678,
    0.6849572990054176,
    0.681560644989922,
    0.6753884350685846,
    0.672185424736568,
    0.6705563633782523,
    0.6652194468180338,
    0.6621066981270199,
    0.6598714235850743,
    0.6583806297892616,
    0.6565369818324135,
    0.653802672113691,
    0.6536785675230481,
    0.6505966332980565,
    0.6488013371967134,
    0.6495943688210987,
    0.6417562615303766,
    0.638361143384661,
    0.6364951922779991,
    0.6368022382827032,
    0.6346237902414231,
    0.6349049270720709,
    0.6344875087056842,
    0.6328137471562341,
    0.6319630697795323,
    0.6311336009843009,
    0.6310888427779788,
    0.6303626768929618,
    0.627269218649183,
    0.6265248810677301,
    0.6249398523285276,
    0.6243329471633547
  ],
  "train_acc": [
    70.03571428571429,
    84.03720238095238,
    86.51190476190476,
    88.08333333333333,
    89.60119047619048,
    90.50744047619048,
    91.10714285714286,
    91.58184523809524,
    92.4985119047619,
    92.83035714285714,
    92.93005952380952,
    93.17113095238095,
    93.29910714285714,
    93.44345238095238,
    93.64583333333333,
    93.79910714285714,
    93.82589285714286,
    93.93452380952381,
    93.9375,
    94.23065476190476,
    94.05208333333333,
    94.32440476190476,
    94.35416666666667,
    94.36904761904762,
    94.74107142857143,
    94.96875,
    95.09821428571429,
    94.97470238095238,
    95.1264880952381,
    95.05208333333333,
    95.14285714285714,
    95.20386904761905,
    95.26190476190476,
    95.20386904761905,
    95.27083333333333,
    95.34375,
    95.49107142857143,
    95.53571428571429,
    95.6235119047619,
    95.58928571428571
  ],
  "val_loss": [
    0.9664723009479289,
    0.8873163680641019,
    0.8302553661015569,
    0.7974127725679048,
    0.7815485280387255,
    0.7686630438785164,
    0.7561697886914623,
    0.7502919776099068,
    0.7400930000811207,
    0.7454085435186114,
    0.7402972566838167,
    0.7428177814094388,
    0.7397379169658739,
    0.741380471356061,
    0.7437873640838935,
    0.7372938856786612,
    0.7394338444787629,
    0.7444836643277383,
    0.73444216348687,
    0.7324620582619492,
    0.7395288129242099,
    0.7356879577344778,
    0.7402395095144,
    0.738206530103878,
    0.7363431113106864,
    0.7367743849754333,
    0.7411960229581717,
    0.7360953250709845,
    0.736524877499561,
    0.7413644279752459,
    0.7374077135202836,
    0.7390938097116898,
    0.7426154479688528,
    0.7429412092481341,
    0.7461492321929153,
    0.7427467521356077,
    0.7418466392828493,
    0.7429306215169479,
    0.7428297169354497,
    0.7403337310771553
  ],
  "val_acc": [
    78.92701788303528,
    84.35637183824714,
    86.14467536652167,
    88.0296439503786,
    86.51522474625423,
    86.54744643144836,
    87.0307717093604,
    87.28854519091348,
    88.11019816336395,
    87.73964878363138,
    88.25519574673756,
    88.33574995972289,
    88.17464153375222,
    87.85242468181086,
    88.86740776542614,
    88.69018849685838,
    89.56017399710005,
    88.31963911712583,
    89.64072821008538,
    90.01127758981795,
    89.73739326566779,
    89.4796197841147,
    89.3829547285323,
    89.94683421942968,
    89.73739326566779,
    89.91461253423554,
    89.8823908490414,
    90.17238601578863,
    90.02738843241501,
    90.07572096020621,
    89.9307233768326,
    90.26905107137104,
    90.18849685838569,
    90.10794264540036,
    89.8340583212502,
    90.18849685838569,
    89.86628000644434,
    90.02738843241501,
    89.81794747865314,
    90.05961011760915
  ]
}