{
  "train_loss": [
    1.0265259838529996,
    0.5438667059476886,
    0.4485929408775909,
    0.392817226637687,
    0.35795010732752935,
    0.3309562320687941,
    0.3180570723488927,
    0.3016271898522973,
    0.2904949675181082,
    0.27382282447069883,
    0.27260943289314,
    0.2570267762722714,
    0.2511837940130915,
    0.23253279109485447,
    0.22170942236802407,
    0.21468553199831927,
    0.20447274816355535,
    0.2036357262570943,
    0.20180942557219947,
    0.191145515867642,
    0.18637579859101347,
    0.18117304212812865,
    0.17319662256964616,
    0.16734982348446334,
    0.17198240903339215,
    0.1634146054275334,
    0.15251736562432988,
    0.15173534962481686,
    0.14976810989901423,
    0.1445931551778423,
    0.1380965077052159,
    0.13694316986948252,
    0.13647995569876262,
    0.13190301354708417,
    0.1276935716492257,
    0.1273607658887548,
    0.12182182386251432,
    0.12103948974981904,
    0.1179014516861311,
    0.12050010044393795,
    0.11375234678520688,
    0.11384103962752436,
    0.10998125234618783,
    0.10831660684198141,
    0.10692984121851623,
    0.10587561187068266,
    0.10522569503102984,
    0.10617764294147491,
    0.1045367335235434,
    0.10442504956569922
  ],
  "train_acc": [
    65.16925023726668,
    79.61967028718057,
    82.61801820802137,
    84.36851910436219,
    85.18401349783824,
    86.1963513656016,
    86.39319483988892,
    87.2262645435692,
    87.34226159091708,
    88.24914759745509,
    88.21399697704665,
    88.70259060072411,
    88.82210271011283,
    89.41614819501564,
    90.01722380400014,
    90.08049492073535,
    90.86083869380295,
    90.51987767584097,
    90.74484164645506,
    91.177194277479,
    91.4513691166649,
    91.4970649231959,
    91.67633308727899,
    92.31255931667194,
    92.08056522197617,
    92.3477099370804,
    92.57618896973531,
    92.8011529403494,
    92.72382157545081,
    93.14211395831137,
    93.34950261872122,
    93.33544237055784,
    93.5111954726001,
    93.77131006362262,
    93.77131006362262,
    93.79591549790854,
    94.04899996484939,
    94.14742170199304,
    94.3864459207705,
    94.25990368730008,
    94.61140989138458,
    94.61844001546628,
    94.77310274526346,
    94.86800942036626,
    94.8855847305705,
    94.8855847305705,
    95.0648528946536,
    94.95237090934656,
    95.09297339098035,
    94.92776547506064
  ],
  "val_loss": [
    0.6028492550055186,
    0.490938072403272,
    0.49087216953436535,
    0.44764308134714764,
    0.5175891270240148,
    0.49028614660104114,
    0.4809005906184514,
    0.4632504731416702,
    0.48446854452292126,
    0.5551000982522964,
    0.5235817184050878,
    0.5368247777223587,
    0.40467976530392963,
    0.40272653599580127,
    0.40811288356781006,
    0.41821691393852234,
    0.45085030297438305,
    0.4223155528306961,
    0.5048048347234726,
    0.49438313643137616,
    0.4878322035074234,
    0.5991041560967764,
    0.553046519557635,
    0.6316984991232554,
    0.5200153390566508,
    0.487248828013738,
    0.436780924598376,
    0.4560197939475377,
    0.494359090924263,
    0.5656276245911916,
    0.4385189265012741,
    0.4447392076253891,
    0.4499515841404597,
    0.527048279841741,
    0.5412312845389048,
    0.5208659072717031,
    0.5274138301610947,
    0.5375169515609741,
    0.5608954628308614,
    0.5058955897887548,
    0.48767200609048206,
    0.5284020652373632,
    0.5185526808102926,
    0.538354347149531,
    0.5380306541919708,
    0.5261094073454539,
    0.5293163607517878,
    0.5374460568030676,
    0.5395376185576121,
    0.5298710515101751
  ],
  "val_acc": [
    77.86377708978328,
    80.03095975232198,
    83.12693498452012,
    83.20433436532508,
    80.6501547987616,
    83.59133126934985,
    84.28792569659443,
    82.73993808049535,
    81.96594427244582,
    84.59752321981424,
    83.43653250773994,
    83.20433436532508,
    85.52631578947368,
    84.82972136222911,
    86.06811145510837,
    86.30030959752322,
    85.6811145510836,
    86.60990712074303,
    84.28792569659443,
    85.83591331269349,
    86.30030959752322,
    86.9969040247678,
    86.91950464396285,
    86.53250773993808,
    85.13931888544892,
    87.22910216718266,
    86.22291021671826,
    87.69349845201238,
    87.38390092879257,
    87.15170278637771,
    86.22291021671826,
    87.61609907120743,
    88.23529411764706,
    87.22910216718266,
    87.22910216718266,
    87.38390092879257,
    88.15789473684211,
    87.84829721362229,
    88.312693498452,
    88.39009287925697,
    88.54489164086688,
    88.08049535603715,
    88.15789473684211,
    88.46749226006192,
    88.23529411764706,
    88.15789473684211,
    88.312693498452,
    88.15789473684211,
    88.39009287925697,
    88.54489164086688
  ],
  "val_macro_f1": [
    0.7780357137174363,
    0.8166423963239003,
    0.8525624847215649,
    0.8490426824583867,
    0.8243955011348167,
    0.8602229011950128,
    0.8628757130228819,
    0.8345949728956806,
    0.820505312868051,
    0.864861166394462,
    0.84869765976168,
    0.8530414567507928,
    0.8779746332056132,
    0.867945322080069,
    0.8744399991627473,
    0.8833594016212761,
    0.874252183894602,
    0.8874402636312012,
    0.8641878901186838,
    0.8782415042496595,
    0.8858532543266731,
    0.8840697981814256,
    0.8893262415904979,
    0.8797701811549881,
    0.8794201653142991,
    0.8880827072826604,
    0.8742637334208361,
    0.8912117172156707,
    0.8952469464803862,
    0.8891448666002516,
    0.8773960256654183,
    0.8879507795534939,
    0.8930265586255527,
    0.8910529666090837,
    0.8875953426484888,
    0.8877056048495674,
    0.894816389032706,
    0.8967266056383204,
    0.8991449265622745,
    0.9007222749243929,
    0.9018900128009254,
    0.8998483551869274,
    0.899621744142777,
    0.9028393112488972,
    0.9034428505969442,
    0.9030963405518676,
    0.8994718599760674,
    0.9007621228174623,
    0.9027365474826441,
    0.9032946866118815
  ]
}