{
  "train_loss": [
    2.234516042764946,
    1.7089443078490116,
    1.4004780775762995,
    1.2520810681073655,
    1.146997080255517,
    1.083499819708512,
    1.034373749799258,
    1.0031826234184573,
    0.9828031014968461,
    0.9507771690330163,
    0.9314461430626599,
    0.8621203832562194,
    0.8420974211307919,
    0.8312492621853748,
    0.8245541835579637,
    0.8188378193453288,
    0.8159844477080443,
    0.8092217263619461,
    0.8041816329742226,
    0.8013300895690918,
    0.7949507525148948,
    0.7915636097903743,
    0.791458176657758,
    0.7862591577752289,
    0.7844362515505119,
    0.7811343429334495,
    0.7818491758252473,
    0.7811515202971318,
    0.7772506774808259,
    0.7783289931280196,
    0.7872519669511393,
    0.7814487079868402,
    0.7782924926334432,
    0.7734189560060544,
    0.7723306535070787,
    0.767836023606527,
    0.7631711721954859,
    0.7604432148783731,
    0.7576009214191693,
    0.7526422968894377,
    0.7525487921697677,
    0.7475326146780108,
    0.7459893066252293,
    0.7415314244582514,
    0.7407806980770265,
    0.7400065230147186,
    0.7374411273430281,
    0.7326372303235691,
    0.7289138952178271,
    0.7288414723670001,
    0.7265527967380301,
    0.7236313867996627,
    0.7205119368206759,
    0.7201122459809342,
    0.7213455112525701,
    0.7179204621122557,
    0.7159557401332085,
    0.7135852283961035,
    0.7115965333220136,
    0.7116589329702437,
    0.7095262173045377,
    0.7087907946163229,
    0.7096277023644725,
    0.7062843024997968,
    0.7079450052415309,
    0.7070985382982433,
    0.705893097971587,
    0.7051335484992228,
    0.7048665464191693,
    0.7025371511955433,
    0.7224136524136291,
    0.7181683682540072,
    0.7161388977226121,
    0.7153209431823594,
    0.7131458018392726,
    0.7098701930366824,
    0.7082290144244652,
    0.7084341009101526,
    0.7051083507024654,
    0.7026268770341916,
    0.7039616818919845,
    0.7015529769418486,
    0.700580035089912,
    0.6968687174031553,
    0.6984561024225346,
    0.698222847797411,
    0.6967437505187475,
    0.6947656602602903,
    0.6939417324258608,
    0.6908738450084566,
    0.6902706500126108
  ],
  "train_acc": [
    27.9904390312489,
    50.585257829800696,
    61.963513656016026,
    68.57534535484551,
    73.28552848957784,
    76.73028928960596,
    78.89205244472565,
    80.13989946922563,
    80.82182150514957,
    82.00639741291434,
    83.1277022039439,
    86.24907729621428,
    87.11378255826216,
    87.63401174030722,
    87.99606313051426,
    88.28781327990438,
    88.47762663011002,
    88.94161481950157,
    89.17360891419733,
    89.28257583746353,
    89.79928995746775,
    89.82038032971282,
    90.00667861787761,
    89.98910330767337,
    90.1156455411438,
    90.43200112481985,
    90.5058174276776,
    90.36521494604379,
    90.77296214278182,
    90.70969102604661,
    89.99261836971422,
    90.32303420155365,
    90.55854335829028,
    90.82217301135366,
    90.7870223909452,
    90.98738092727336,
    91.21234489788745,
    91.25804070441843,
    91.62009209462548,
    91.87317656156631,
    91.75366445217757,
    92.01377904320012,
    91.95402298850574,
    92.39340574361138,
    92.38286055748884,
    92.33716475095785,
    92.56564378361279,
    92.70976132728742,
    93.05423740729024,
    92.88199936728883,
    93.03314703504518,
    93.38816830117051,
    93.49713522443672,
    93.34247249463954,
    93.33544237055784,
    93.63070758198882,
    93.64125276811136,
    93.84512636648037,
    93.86621673872544,
    93.80294562199023,
    93.97518366199164,
    94.12281626770712,
    93.98924391015501,
    94.2142078807691,
    94.22123800485079,
    94.08766564729868,
    94.10875601954375,
    94.25990368730008,
    94.23529825301416,
    94.26341874934093,
    93.10696333790291,
    93.52877078280432,
    93.42683398361982,
    93.40925867341558,
    93.49010510035502,
    93.70100882280572,
    93.67288832647897,
    93.65531301627473,
    93.93651797954234,
    93.95057822770572,
    94.0033041583184,
    93.97166859995079,
    94.18608738444233,
    94.29153924566769,
    94.1052409575029,
    94.12281626770712,
    94.26341874934093,
    94.38996098281135,
    94.28802418362685,
    94.41808147913811,
    94.56219902281275
  ],
  "val_loss": [
    1.7911902882836082,
    1.2956297397613525,
    1.2063578258861194,
    1.146509430625222,
    1.0871279456398704,
    1.0231919884681702,
    1.0058983889493076,
    1.0325349298390476,
    0.9810811064460061,
    0.985200210051103,
    0.9569720842621543,
    0.895775935866616,
    0.886270365931771,
    0.8878970091993158,
    0.8925690705125983,
    0.8917604251341387,
    0.8877201947298917,
    0.8836337436329235,
    0.8925594091415405,
    0.8855377869172529,
    0.8804133155129172,
    0.8794452006166632,
    0.891907740723003,
    0.8809684244069186,
    0.8837407014586709,
    0.8852767673405734,
    0.882771145213734,
    0.8802253224632957,
    0.881286929954182,
    0.8790393092415549,
    0.8894996534694325,
    0.8836132938211615,
    0.8939272815530951,
    0.883816350590099,
    0.8883522044528614,
    0.8762058344754305,
    0.8717283769087358,
    0.894331233067946,
    0.8963161923668601,
    0.8676074797456915,
    0.8925021724267439,
    0.893208232792941,
    0.8872855034741488,
    0.8880821358073842,
    0.8813831372694536,
    0.8830680684609846,
    0.9085940610278737,
    0.8765981739217584,
    0.8886969577182423,
    0.8801100524989042,
    0.8745910958810286,
    0.8850420171564276,
    0.8933709263801575,
    0.8767488490451466,
    0.8803219361738726,
    0.8878422433679755,
    0.8938282890753313,
    0.8818651817061685,
    0.8815137202089484,
    0.868887868794528,
    0.8828568350185048,
    0.8846139691092751,
    0.8707926219159906,
    0.8876234238797968,
    0.8702768737619574,
    0.8689960078759627,
    0.8689003532583063,
    0.8697135502641852,
    0.8733208938078447,
    0.8750170360911976,
    0.8687556169249795,
    0.8903150450099598,
    0.8879237554290078,
    0.9008751728317954,
    0.8864495049823414,
    0.8948286229913885,
    0.8801297599619086,
    0.8888666467233137,
    0.8779362494295294,
    0.8753885247490623,
    0.8857242573391307,
    0.8884210911664095,
    0.8900980190797285,
    0.8773342804475264,
    0.8771854747425426,
    0.8739677179943431,
    0.8972538601268422,
    0.8793202421881936,
    0.8796720071272417,
    0.882364728234031,
    0.8956604708324779
  ],