{
  "train_loss": [
    1.4846370414401708,
    1.0296189620253746,
    0.932368644569697,
    0.8999364270253127,
    0.8748879450090815,
    0.8617336902725563,
    0.8525758779450748,
    0.8503763117147296,
    0.8562709375713649,
    0.8541315977493029,
    0.8480111893643154,
    0.7697426861591553,
    0.740674687771315,
    0.7297790617085574,
    0.7205819095118662,
    0.7122031146220946,
    0.706744726454274,
    0.7013868657390723,
    0.6973760963825697,
    0.691494704900163,
    0.6890880860639422,
    0.6830159123024244,
    0.6810766877753012,
    0.6759685393129842,
    0.6771697882855876,
    0.672103891078006,
    0.6709379864542672,
    0.6692835251936752,
    0.6688094607899698,
    0.6660425487529026,
    0.666066545047117,
    0.6763425951593378,
    0.6762605259927471,
    0.6744800677460231,
    0.6715674045380582,
    0.6706604711125406,
    0.6663588718082128,
    0.6662226773379893,
    0.6647170413745923,
    0.6655682721834504,
    0.6602832814280907,
    0.659028935298491,
    0.6568366603904896,
    0.6528893853841203,
    0.6530845279104254,
    0.6486308594767967,
    0.6516200523697928,
    0.6495511059010967,
    0.6462640947170472,
    0.6433236833368794,
    0.6432084066144536,
    0.6415096816052211,
    0.6402413334739342,
    0.6407809668712402,
    0.6380839592955085,
    0.6349362906445278,
    0.6354711698682121,
    0.6350919861472055,
    0.632065474317315,
    0.6329909725135632,
    0.6307123350293449,
    0.6293195186036357,
    0.6302311878525809,
    0.6277899728732163,
    0.6261602648188559,
    0.6245074383328469,
    0.6260253694620025,
    0.6248338273402011,
    0.6227633006117317,
    0.6229818837026532,
    0.6237637557340472,
    0.638090919644645,
    0.6390607490968169,
    0.63917568573791,
    0.641776893513926,
    0.6413045035319382,
    0.6379306562830893,
    0.634595812304636,
    0.6375850531492341,
    0.6349029052123595,
    0.6383034238654576
  ],
  "train_acc": [
    58.94407536293016,
    77.72856690920595,
    81.7146472635242,
    83.17691307251573,
    84.06622376884953,
    84.50560652395515,
    84.8535976659988,
    85.08207669865374,
    84.93795915497908,
    84.57239270273121,
    85.03638089212275,
    88.20696685296495,
    89.78171464726353,
    90.25976308481845,
    90.57260360645365,
    91.05065204400857,
    91.23343527013252,
    91.52518541952266,
    91.76420963830012,
    92.15438152483391,
    92.21062251748744,
    92.47425217055081,
    92.65000527259306,
    92.74842700973672,
    92.6921860170832,
    93.00151147667756,
    92.99448135259587,
    93.17374951667897,
    93.14211395831137,
    93.19835495096488,
    93.34950261872122,
    92.6148546521846,
    92.77303244402263,
    92.86793911912545,
    93.0507223452494,
    92.84333368483954,
    93.10696333790291,
    93.20187001300573,
    93.17374951667897,
    93.23702063341418,
    93.62016239586629,
    93.69046363668319,
    93.73264438117333,
    93.82052093219446,
    93.84161130443952,
    94.09118070933953,
    93.92245773137896,
    94.10172589546205,
    94.27044887342261,
    94.36184048648458,
    94.3864459207705,
    94.55165383669022,
    94.4497170375057,
    94.54462371260853,
    94.68522619424233,
    94.85043411016204,
    94.69577138036486,
    94.737952124855,
    95.11054870118457,
    95.10351857710289,
    95.0578227705719,
    95.24060599669585,
    95.13866919751133,
    95.24412105873668,
    95.41284403669725,
    95.36363316812542,
    95.29333192730851,
    95.43393440894232,
    95.4093289746564,
    95.52181095996345,
    95.46556996730992,
    94.62195507750712,
    94.63953038771135,
    94.5657140848536,
    94.39347604485219,
    94.53056346444515,
    94.52001827832261,
    94.8785546064888,
    94.66765088403811,
    94.84340398608036,
    94.6289852015888
  ],
  "val_loss": [
    1.0802607422783261,
    1.0409860979943049,
    0.9602165931747073,
    1.0055745584624154,
    0.9563225422586713,
    0.9278071806544349,
    0.8869766734895252,
    0.906041559718904,
    0.9276743304161799,
    0.9006734632310414,
    0.9429439419791812,
    0.8516132661274501,
    0.8420616587003072,
    0.8452097120739165,
    0.8490546459243411,
    0.8517953072275434,
    0.8230101210730416,
    0.8342650589488801,
    0.8430852606183007,
    0.8370137839090257,
    0.8321533799171448,
    0.8360579297656104,
    0.8379354278246561,
    0.8347476295062474,
    0.833513100941976,
    0.8339225507917858,
    0.8381767727079845,
    0.8433136826469785,
    0.8332899184454055,
    0.8318012810888744,
    0.8364458055723281,
    0.8669618595214117,
    0.8567992931320554,
    0.8429009091286432,
    0.87106150104886,
    0.8655059990428743,
    0.8382193446159363,
    0.8747239056087676,
    0.8284625325884137,
    0.8631509712764195,
    0.8463151767140343,
    0.8659430259750003,
    0.8612722981543768,
    0.8561962190128508,
    0.8472581505775452,
    0.8663644251369295,
    0.8511686949502855,
    0.8583296423866635,
    0.848298694406237,
    0.8372324847039723,
    0.8499033195631844,
    0.8556274118877593,
    0.8469876760528201,
    0.835570684501103,
    0.850770198163532,
    0.8432503569693792,
    0.8576174122946603,
    0.852165611017318,
    0.8584201534589132,
    0.8586911303656442,
    0.8372571837334406,
    0.8535637713613964,
    0.8544563821383885,
    0.8619018480891273,
    0.8505487583932423,
    0.8511600210553124,
    0.8495512916928246,
    0.8529643757002694,
    0.8548064345405215,
    0.8505123456319174,
    0.8522853595869881,
    0.8593261781192961,
    0.8510011235872904,
    0.8715708908580598,
    0.8644320567448934,
    0.8460136283011663,
    0.8538945118586222,
    0.8663044316428048,
    0.8615421936625526,
    0.8826305582409814,
    0.877642966452099
  ],
  "val_acc": [
    74.30340557275542,
    76.62538699690403,
    80.3405572755418,
    77.70897832817337,
    78.63777089783282,
    81.42414860681114,
    83.43653250773994,
    81.57894736842105,
    82.81733746130031,
    81.11455108359134,
    79.41176470588235,
    83.59133126934985,
    85.44891640866874,
    86.14551083591331,
    85.37151702786377,
    85.83591331269349,
    86.91950464396285,
    87.15170278637771,
    86.91950464396285,
    87.30650154798762,
    87.30650154798762,
    86.76470588235294,
    87.38390092879257,
    87.15170278637771,
    87.53869969040248,
    87.77089783281734,
    86.9969040247678,
    87.30650154798762,
    88.312693498452,
    88.0030959752322,
    88.0030959752322,
    86.45510835913312,
    86.53250773993808,
    86.687306501548,
    87.07430340557275,
    87.53869969040248,
    87.92569659442725,
    85.9907120743034,
    88.54489164086688,
    86.84210526315789,
    87.15170278637771,
    87.15170278637771,
    87.38390092879257,
    87.84829721362229,
    87.77089783281734,
    86.687306501548,
    88.23529411764706,
    87.69349845201238,
    88.85448916408669,
    88.46749226006192,
    88.62229102167183,
    87.69349845201238,
    88.08049535603715,
    88.54489164086688,
    88.93188854489163,
    88.08049535603715,
    87.38390092879257,
    88.15789473684211,
    88.312693498452,
    88.69969040247678,
    89.3188854489164,
    88.23529411764706,
    88.69969040247678,
    88.69969040247678,
    88.62229102167183,
    89.0092879256966,
    88.85448916408669,
    88.69969040247678,
    89.16408668730651,
    88.77708978328174,
    88.85448916408669,
    88.15789473684211,
    87.77089783281734,
    87.53869969040248,
    87.77089783281734,
    87.61609907120743,
    87.92569659442725,
    88.23529411764706,
    87.77089783281734,
    87.61609907120743,
    87.69349845201238
  ],