{
  "train_loss": [
    0.908633221959854,
    0.5158689269303206,
    0.43861139061205057,
    0.38724880221178715,
    0.3445496352665093,
    0.3240644686558856,
    0.29812342603377695,
    0.28441485648999837,
    0.2691756851737275,
    0.26392242639855956,
    0.24920148078368917,
    0.24312037069166723,
    0.23400202794459904,
    0.21196825070632414,
    0.20310280993246713,
    0.19669336815586005,
    0.19082039925415956,
    0.18546834006705093,
    0.1789536652209513,
    0.1773724662215186,
    0.17449881520640156,
    0.16366574502312015,
    0.15901652903968444,
    0.16215432234810073,
    0.15548730334225258,
    0.15223252171892757,
    0.14856054410004296,
    0.14414998496393985,
    0.13947489734054147,
    0.13442761765066283,
    0.13465548074499373,
    0.1283556303435377,
    0.12385494280355928,
    0.12036104216302991,
    0.11492263664378713,
    0.11345729769746285,
    0.10786462790696076,
    0.10864999945455069,
    0.10462504842489824,
    0.1017947861331728,
    0.10063368345990843,
    0.09747821610471058,
    0.09439251618668637,
    0.09438306111591814,
    0.09151606306834606,
    0.08837416026357044,
    0.09033431622279064,
    0.08763405832675006,
    0.08842896994186623,
    0.0879214344036686
  ],
  "train_acc": [
    68.37850188055819,
    80.50195085943267,
    82.63559351822559,
    84.04513339660446,
    85.70072761784246,
    86.42483039825653,
    87.1489331786706,
    87.5777707476537,
    88.22805722521002,
    88.4987170023551,
    88.7412562831734,
    89.15954866603396,
    89.5532356146086,
    90.17891665787901,
    90.54799817216774,
    90.8502935076804,
    91.17016415339731,
    91.3177967591128,
    91.66227283911562,
    91.8415410031987,
    91.89075187177053,
    92.25280326197758,
    92.46722204646912,
    92.53400822524517,
    92.67461070687898,
    92.82575837463531,
    93.17726457871981,
    93.15617420647474,
    93.55337621709023,
    93.60610214770291,
    93.60961720974375,
    93.81700587015361,
    93.9259727934198,
    94.22123800485079,
    94.534078526486,
    94.60086470526205,
    94.77310274526346,
    94.75552743505924,
    94.89261485465218,
    95.05079264649021,
    95.13515413547049,
    95.27575661710429,
    95.50072058771838,
    95.51478083588175,
    95.56047664241274,
    95.7678653028226,
    95.68701887588315,
    95.83465148159866,
    95.86628703996625,
    95.71865443425077
  ],
  "val_loss": [
    0.582483792846853,
    0.5053411830555309,
    0.44800925796682184,
    0.42907989025115967,
    0.414012228900736,
    0.43190875378522003,
    0.42432807792316785,
    0.44421945918690076,
    0.4176135442473672,
    0.3943610353903337,
    0.44038785045797174,
    0.4027842784469778,
    0.3962080885063518,
    0.4167028638449582,
    0.43355231935327704,
    0.3928727778521451,
    0.40820625830780377,
    0.4621881571683017,
    0.42467619614167645,
    0.4835459291934967,
    0.44219676743854175,
    0.4960816963152452,
    0.48246587541970337,
    0.4237274066968398,
    0.4719993634657426,
    0.5032464834776792,
    0.49499406055970624,
    0.4315623532642018,
    0.4362836940722032,
    0.472973877733404,
    0.4621990756555037,
    0.4673351875760339,
    0.5288247303529219,
    0.481242374940352,
    0.5308291045102206,
    0.5378467603163286,
    0.5368312841111963,
    0.5296997942707755,
    0.5563989769328724,
    0.5629212395711378,
    0.5883383656089957,
    0.5519733510234139,
    0.5723745579069311,
    0.5581389652057127,
    0.5840730802579359,
    0.5894381322643973,
    0.5768487561832775,
    0.5792663097381592,
    0.6028392694213174,
    0.5937635790218007
  ],
  "val_acc": [
    76.08359133126935,
    79.41176470588235,
    81.81114551083591,
    83.28173374613003,
    83.43653250773994,
    82.89473684210526,
    84.75232198142415,
    83.04953560371517,
    84.05572755417957,
    84.90712074303406,
    82.3529411764706,
    84.36532507739938,
    85.91331269349845,
    85.75851393188854,
    84.21052631578948,
    85.6811145510836,
    84.59752321981424,
    84.59752321981424,
    84.984520123839,
    85.29411764705883,
    85.37151702786377,
    85.91331269349845,
    86.60990712074303,
    86.53250773993808,
    85.37151702786377,
    85.83591331269349,
    86.687306501548,
    87.61609907120743,
    86.9969040247678,
    87.15170278637771,
    86.22291021671826,
    87.53869969040248,
    86.84210526315789,
    86.687306501548,
    87.22910216718266,
    86.9969040247678,
    87.69349845201238,
    87.53869969040248,
    87.92569659442725,
    88.54489164086688,
    88.08049535603715,
    87.84829721362229,
    87.92569659442725,
    88.54489164086688,
    88.39009287925697,
    88.69969040247678,
    88.54489164086688,
    88.62229102167183,
    88.69969040247678,
    88.62229102167183
  ],
  "val_macro_f1": [
    0.7827546046507751,
    0.8032681887997747,
    0.8478236415635255,
    0.8497758000001983,
    0.8607479298529009,
    0.8465345441331505,
    0.8698716910471364,
    0.8417388395117996,
    0.85740129973669,
    0.8690410341037004,
    0.8286605801934748,
    0.8660916451222566,
    0.8795936411860907,
    0.8849025921442976,
    0.8717534228481267,
    0.8761240640797814,
    0.8674884623037588,
    0.8737460445693,
    0.869675554905068,
    0.8734215715046595,
    0.8759244285991178,
    0.8775138130448452,
    0.8837521939947816,
    0.8864841500053537,
    0.8736048021462013,
    0.8834105926066633,
    0.8925510700240267,
    0.8984260312240457,
    0.8880101485016474,
    0.8936807920632072,
    0.88514310563078,
    0.8958098925751496,
    0.8914553316395603,
    0.8897828359079489,
    0.8947109630582393,
    0.8911200511108284,
    0.8990817192875667,
    0.8944370683704103,
    0.8975226866938554,
    0.9021238419715861,
    0.9022051281576148,
    0.9037495055396464,
    0.9036402375070732,
    0.9047622652246954,
    0.9060561477407045,
    0.904959199331469,
    0.9078561886506015,
    0.9092361002546766,
    0.9096571647167772,
    0.9091520023488524
  ]
}