{
  "train_loss": [
    1.6398019598203923,
    1.0533071547880302,
    0.9421524250453898,
    0.8903617380445848,
    0.8618781718972552,
    0.8352593902515189,
    0.8276828850865898,
    0.8147017985181424,
    0.8148800546278333,
    0.8049718203031428,
    0.8038722220557688,
    0.740265721162873,
    0.7146812003824209,
    0.7059948663540485,
    0.7036604071411852,
    0.6938898825324704,
    0.6888620538027297,
    0.6863082187592716,
    0.6808743236310814,
    0.6770223953798747,
    0.6739669353972636,
    0.6697214513081606,
    0.6685562940990978,
    0.6657584780000251,
    0.6611677531169668,
    0.6609859030877528,
    0.6590092874428617,
    0.6573341945896234,
    0.6570638105473711,
    0.6551703997791616,
    0.6659337223377998,
    0.6665771838795443,
    0.6656095115593196,
    0.6607479169764326,
    0.6588228013483398,
    0.6577271872571766,
    0.6553108636039255,
    0.6542897382124657,
    0.6489973918204884
  ],
  "train_acc": [
    51.97019227389364,
    76.63889767654399,
    81.21550845372421,
    83.36321136068051,
    84.87468803824387,
    85.73939330029175,
    86.0241133256002,
    86.62167387254385,
    86.45646595662413,
    86.9837252627509,
    86.88530352560723,
    89.95746774930578,
    90.8502935076804,
    91.21937502196914,
    91.5287004815635,
    91.9188723680973,
    92.13329115258884,
    92.22468276565081,
    92.54806847340855,
    92.56564378361279,
    92.79763787830855,
    93.01908678688179,
    93.17374951667897,
    93.31083693627193,
    93.5041653485184,
    93.5674364652536,
    93.57095152729445,
    93.75021969137755,
    93.80997574607191,
    93.94003304158318,
    93.07532777953531,
    93.07532777953531,
    93.25811100565925,
    93.43737916974234,
    93.43737916974234,
    93.65882807831558,
    93.73264438117333,
    93.69749376076487,
    93.96112341382826
  ],
  "val_loss": [
    1.1798716350035234,
    0.991477760401639,
    0.9603714021769437,
    0.8909660306843844,
    0.8848023306239735,
    0.9219844178719954,
    0.8816914124922319,
    0.9669613458893516,
    0.9968272176655856,
    0.8976379362019625,
    1.0065686215053906,
    0.8390112844380465,
    0.8505035638809204,
    0.8652170463041826,
    0.8506156314503063,
    0.873770144852725,
    0.8527459393848072,
    0.8660197257995605,
    0.8655943274497986,
    0.8717194849794562,
    0.8734547929330305,
    0.8795494816519998,
    0.8798813819885254,
    0.876199023290114,
    0.8711249123920094,
    0.8734101978215304,
    0.8751945007931102,
    0.8764089183373884,
    0.8776026476513256,
    0.8718933029608293,
    0.8760190064256842,
    0.8731553988023237,
    0.8927766951647672,
    0.8786192807284269,
    0.8881658640774813,
    0.8777538646351207,
    0.8912524689327587,
    0.8882794542746111,
    0.8640819733793085
  ],
  "val_acc": [
    70.51083591331269,
    79.25696594427245,
    78.17337461300309,
    82.81733746130031,
    82.81733746130031,
    82.50773993808049,
    82.19814241486068,
    77.78637770897832,
    76.93498452012383,
    84.21052631578948,
    76.70278637770897,
    86.37770897832817,
    85.91331269349845,
    84.90712074303406,
    85.9907120743034,
    85.9907120743034,
    86.37770897832817,
    86.37770897832817,
    85.91331269349845,
    87.07430340557275,
    86.53250773993808,
    87.07430340557275,
    86.91950464396285,
    87.46130030959752,
    86.60990712074303,
    86.76470588235294,
    87.46130030959752,
    87.30650154798762,
    86.60990712074303,
    87.38390092879257,
    86.53250773993808,
    86.22291021671826,
    87.15170278637771,
    87.15170278637771,
    87.22910216718266,
    87.30650154798762,
    86.687306501548,
    86.53250773993808,
    86.53250773993808
  ],
  "val_macro_f1": [
    0.6296451648275313,
    0.812484655477534,
    0.798338331006018,
    0.8534741011421781,
    0.8524311610547733,
    0.8417806588682998,
    0.842847582166193,
    0.7923345313310174,
    0.7856081116752188,
    0.8600981760702403,
    0.7887234680972789,
    0.8830775334774857,
    0.881896642711094,
    0.8771343385410405,
    0.8811440691465027,
    0.8803734260693371,
    0.8870274286368439,
    0.8871415877587219,
    0.8868917583835977,
    0.8940340286561241,
    0.8896131397858862,
    0.891955679989759,
    0.8912759548459076,
    0.8940687040915254,
    0.8897498589960899,
    0.892194682374686,
    0.8956877591673362,
    0.8943613794960411,
    0.8906403755990029,
    0.8958616606410931,
    0.887640211339842,
    0.8890864820047003,
    0.8944799824106534,
    0.895215093073371,
    0.8905165251444424,
    0.8940856884347527,
    0.8879955929598293,
    0.8922184478537915,
    0.8915236557894417
  ]
}