{"train_loss": [1.4694316112255865, 0.9864257590253224, 0.8670513519020968, 0.7762954374847486, 0.7501974947923837, 0.7052039768575697, 0.6657526438781457, 0.6317705706108449, 0.5995989345995955, 0.6091819241527439, 0.6060429665931436, 0.5649656877499218, 0.5257223754428154, 0.5115865018478659, 0.5061318445806355, 0.4959958698167357, 0.4837952372870704, 0.4895196761502776, 0.4712447159050047, 0.46787498071212175, 0.4634168100680492, 0.4662870991715165, 0.4644966204037038, 0.4485043737777444, 0.4601339501465938, 0.44994696968978687, 0.43867596891499305, 0.4460582034301388, 0.4277829617954964, 0.41912635069253834, 0.41084970701341483, 0.409369287044965], "train_acc": [33.88993557797496, 39.38252096754589, 42.80722012884405, 46.25471010088732, 49.38160933511608, 50.294761152303394, 52.76072687492403, 52.81694420809529, 54.257323447186096, 54.429014221465906, 54.59614683359669, 55.19630484988453, 56.88130545763948, 57.12440743892063, 58.23963777804789, 57.908411328552326, 59.0251610550626, 58.645314209310804, 59.36854260362222, 59.936793484866904, 60.289291357724565, 60.02491795308132, 60.51871885255865, 60.95782180624772, 61.26321867023216, 60.98517077914185, 62.36629391029537, 62.302479640209064, 63.09559985413881, 63.34022122280297, 63.812750698918194, 64.39315667922693], "val_loss": [0.8869318142533302, 0.7475590237549373, 0.7075600932751384, 0.7002396328108651, 0.6901057687188897, 0.6596966524209295, 0.6190870904496738, 0.6061893680265972, 0.589213782123157, 0.5854575160358634, 0.588013768196106, 0.5638733809547765, 0.5866460922573294, 0.5807874338435275, 0.5736579075455666, 0.5747535140918834, 0.5647250557584422, 0.5815823408109801, 0.5760321343051535, 0.588681179231831, 0.5849181325840098, 0.5905911190701383, 0.5669432886477027, 0.6055442834539073, 0.5688103796648127, 0.5895818980144603, 0.5843734352716378, 0.5926941627902644, 0.5739817707134145, 0.5958943800734622, 0.6008787716605833, 0.5983518830367497], "val_acc": [45.522229312912145, 39.71495426504999, 48.83358150748068, 47.23817627455151, 42.06906331986102, 58.09402254839396, 48.01106147628164, 48.39395873218464, 50.64879812805786, 49.71991774799688, 50.613344678437215, 52.946181663475855, 54.236687229667446, 63.01496135573991, 54.42813585761895, 64.58909451889669, 58.881089129972345, 66.68084804651492, 60.40558746366021, 61.887541657803304, 62.62497340991278, 66.97865702332837, 64.56073175920017, 60.412678153584345, 63.4900375806566, 65.43288661986811, 65.95050698432958, 64.24874140253847, 66.26249734099127, 66.63121321704602, 65.90796284478479, 64.40473658086931]}