{
  "train_loss": [
    1.1903285908797556,
    0.9140296339496108,
    0.844765485318239,
    0.8056913715256148,
    0.777196308551741,
    0.7578602637633804,
    0.7456488838373136,
    0.7337170418136376,
    0.722123391125813,
    0.7153902676972476,
    0.7097377358389295,
    0.7023736696597959,
    0.6993788894542978,
    0.6926490819651233,
    0.6855740877222424,
    0.6838144711719072,
    0.676791853648572,
    0.6604530734956757,
    0.653448470367873,
    0.6493557361531849,
    0.6477504870123114,
    0.6436225858109057,
    0.6419931879220915,
    0.640675619860326,
    0.6374265371767942,
    0.6305483892436855,
    0.6267928239727808,
    0.6264383674653109,
    0.623410162600604,
    0.6221881099968902,
    0.62303091400911,
    0.6219144367482051,
    0.6197530420358516,
    0.6183827012038428,
    0.6178036127701279,
    0.6169692088257183,
    0.614469027469966,
    0.6140171016050764,
    0.6129337534431584,
    0.6133833778791191,
    0.6105015263084538,
    0.6078498592554045,
    0.6067672002414042,
    0.6057669599194172,
    0.6059209797993179,
    0.604148324609788,
    0.6028915897381207,
    0.6038428628740232,
    0.6030160274879992,
    0.6025339002944221
  ],
  "train_acc": [
    72.46630378434422,
    84.69090202177294,
    87.69116122343183,
    89.50557283566614,
    90.59745982374287,
    91.32970451010887,
    91.87402799377917,
    92.30171073094868,
    92.89139450492483,
    92.81687402799378,
    93.2348367029549,
    93.45515811301192,
    93.4713582166926,
    93.80508035251425,
    93.96060134784862,
    93.97356143079315,
    94.2554432348367,
    94.81920684292379,
    94.99092794193884,
    95.20152928978746,
    95.24364955935718,
    95.31168999481596,
    95.53849144634526,
    95.54173146708139,
    95.57737169517885,
    95.86249351995853,
    96.01477449455676,
    96.14113530326594,
    96.20269569725247,
    96.25453602903059,
    96.22213582166926,
    96.23509590461379,
    96.29665629860031,
    96.27397615344738,
    96.3646967340591,
    96.45217729393468,
    96.55585795749093,
    96.58501814411612,
    96.6627786417833,
    96.62065837221358,
    96.75673924313115,
    96.85069984447901,
    96.89606013478486,
    96.9187402799378,
    96.8604199066874,
    96.9900207361327,
    97.09370139968895,
    97.0386210471747,
    97.09046137895282,
    97.09046137895282
  ],
  "val_loss": [
    0.98862854126961,
    0.912689128229695,
    0.8579299084601864,
    0.8391650953600484,
    0.828856393214195,
    0.8231470334914422,
    0.8203011693493012,
    0.8143746622147099,
    0.8175569253583108,
    0.809670542517016,
    0.8103600509705082,
    0.8122124210480721,
    0.8058290539249298,
    0.8116540620403905,
    0.8239224245471339,
    0.8075111662187884,
    0.816379681710274,
    0.8035347769337315,
    0.7987874707868022,
    0.8016185587452304,
    0.8015556893041057,
    0.8026044926335735,
    0.799988164055732,
    0.8096126279523296,
    0.807443707220016,
    0.806191130991905,
    0.8020333282409176,
    0.80994495461064,
    0.8084064818197682,
    0.8081432984721276,
    0.8073796552996482,
    0.8066339704298204,
    0.8116845546230194,
    0.8088675199016448,
    0.8071236495048769,
    0.8069063271245649,
    0.8116092085838318,
    0.8134929441636608,
    0.8146377167394084,
    0.8076383740671219,
    0.8104152314124569,
    0.809053772880185,
    0.8061748185465413,
    0.8075384882188612,
    0.8079687010857367,
    0.8125088445601925,
    0.8067479691197795,
    0.8075419529791801,
    0.808876508666623,
    0.8110742376696679
  ],
  "val_acc": [
    77.22264924417115,
    81.60389444017423,
    83.73046374583653,
    83.93543428132206,
    84.96028695874968,
    85.24212144504227,
    85.9851396361773,
    86.29259543940559,
    84.9090443248783,
    86.36945939021265,
    86.42070202408404,
    85.85703305149885,
    87.16372021521906,
    87.0612349474763,
    85.1652574942352,
    86.75377914424801,
    86.26697412246989,
    86.83064309505508,
    87.57366128619012,
    87.26620548296182,
    87.62490392006148,
    87.24058416602614,
    87.34306943376889,
    87.21496284909044,
    87.26620548296182,
    87.52241865231873,
    87.90673840635408,
    87.65052523699718,
    87.52241865231873,
    87.95798104022546,
    87.85549577248271,
    88.11170894183961,
    87.82987445554701,
    88.06046630796823,
    87.98360235716116,
    88.23981552651806,
    88.13733025877531,
    87.54803996925442,
    87.72738918780425,
    88.06046630796823,
    88.29105816038944,
    88.18857289264668,
    88.47040737893927,
    88.44478606200359,
    88.36792211119652,
    88.29105816038944,
    88.77786318216756,
    88.23981552651806,
    88.11170894183961,
    87.8811170894184
  ]
}