{
  "train_loss": [
    2.3335359684554984,
    1.8932386732956754,
    1.503935008840176,
    1.3356355140027445,
    1.250630519849837,
    1.1864972857616407,
    1.1341942770598714,
    1.085969103024145,
    1.0577208054974474,
    1.0292977893833621,
    1.0103299037758011,
    0.9494797854680117,
    0.9344780642890075,
    0.9273997617409369,
    0.9178927596909048,
    0.9151532449529844,
    0.9057304800358589,
    0.9074394668164275,
    0.9034328928442814,
    0.898938337516357,
    0.8920621936096739,
    0.8919999316134261,
    0.8888979645053368,
    0.8884194773943435,
    0.8849939722651323,
    0.8877798342918601,
    0.8817026283708923,
    0.8838750891086766,
    0.8840358628820411,
    0.8825456016266827,
    0.889096428193319,
    0.8845437706318672,
    0.8823112174534476,
    0.8775458397352107,
    0.8731425882989515,
    0.8728522925633486,
    0.8686552093168011,
    0.8685722161301583,
    0.8660178307460562,
    0.8627865889147258,
    0.8609480847157704,
    0.8598932602480388,
    0.856820305901258,
    0.8566157705580707,
    0.8503824221179089,
    0.8492576830055681,
    0.847929432253132,
    0.8469695638648063,
    0.8462481177975779,
    0.8400604484327171,
    0.8436445382678456,
    0.8401169611199555,
    0.8354910590723491,
    0.8337953496941537,
    0.8351740444187626,
    0.8386799783984642,
    0.834262554688304,
    0.83332313978084,
    0.8318234591206093,
    0.828332386743862,
    0.8276653888514224,
    0.8307827259393016,
    0.8285755229103191,
    0.8241083779677147,
    0.8272161510493189,
    0.8297076791925815,
    0.82642401601167,
    0.825751726937401,
    0.8274899411094563,
    0.8247896833804691,
    0.8326187724489802,
    0.8338641158133879,
    0.8304596254643838,
    0.8294188511211241,
    0.8295974400011413,
    0.8243959032901199,
    0.8232436019743504,
    0.8225569733055184,
    0.8218470892029492,
    0.8190431413094559,
    0.8188748458575775,
    0.8189034739951916,
    0.8179024032947728,
    0.8159602225628669,
    0.8134600950463471,
    0.8111224513951973,
    0.8097914037683085,
    0.8093641964309418,
    0.8090579314616764,
    0.8090369746824017,
    0.8060418669418369,
    0.8065423179635018,
    0.8027352180181597,
    0.8007178966774534,
    0.8009207625560162,
    0.8008392167198284,
    0.7955582243444673,
    0.7946704855948821,
    0.7994511226367523,
    0.7931058698170923
  ],
  "train_acc": [
    21.983198003444762,
    43.361805335864176,
    57.82277057190059,
    65.28876234665542,
    69.64040915322155,
    72.61766670181729,
    75.36996027979893,
    77.32081971246792,
    78.66357341207072,
    79.63373053534394,
    80.35783331575803,
    83.34212098843544,
    83.85532004639882,
    84.1505852578298,
    84.51966677211853,
    84.48100108966923,
    85.02583570600021,
    84.97662483742837,
    84.7832964251819,
    85.23673942845092,
    85.6726071215157,
    85.7042426798833,
    85.56012513620865,
    85.78860416886359,
    85.88702590600724,
    85.65503181131147,
    86.00302295335513,
    85.86593553376217,
    85.96084220886499,
    85.99599282927343,
    85.69721255580161,
    85.68315230763822,
    85.86593553376217,
    86.06980913213118,
    86.48107139091005,
    86.44943583254245,
    86.67439980315653,
    86.52325213540018,
    86.70252029948328,
    87.02590600724103,
    86.8044570986678,
    87.04348131744526,
    87.19462898520159,
    87.26141516397765,
    87.48286407255088,
    87.3985025835706,
    87.6023761819396,
    87.70079791908327,
    87.53207494112272,
    87.94685226194242,
    87.70431298112412,
    88.01715350275933,
    87.99254806847341,
    88.2175120390875,
    88.24914759745509,
    88.20696685296495,
    87.99957819255509,
    88.32647896235369,
    88.43544588561988,
    88.57604836725368,
    88.5549579950086,
    88.28429821786355,
    88.45653625786495,
    88.77992196562269,
    88.3897500790889,
    88.49520194031425,
    88.64634960807058,
    88.63580442194805,
    88.53386762276354,
    88.81507258603115,
    88.18939154276073,
    88.33350908643537,
    88.43896094766073,
    88.57604836725368,
    88.37217476888468,
    88.6006538015396,
    88.75883159337762,
    88.78695208970439,
    88.72368097296918,
    89.28960596154522,
    88.86779851664382,
    89.14548841787058,
    88.92755457133818,
    89.11033779746212,
    89.36693732644382,
    89.29312102358607,
    89.45832893950578,
    89.48996449787339,
    89.42317831909733,
    89.26148546521846,
    89.57081092481282,
    89.39857288481141,
    89.70789834440578,
    89.80632008154944,
    89.92583219093817,
    89.90825688073394,
    89.83795563991704,
    90.11916060318465,
    90.02073886604099,
    90.18946184400154
  ],
  "val_loss": [
    2.0158713297410444,
    1.3787675337357954,
    1.1869192015041004,
    1.130993127822876,
    1.0558930201963945,
    1.0222343043847517,
    1.0553161014210095,
    0.9940798065879128,
    1.0232421268116345,
    1.0754144787788391,
    0.9830614545128562,
    0.8935904719612815,
    0.8916693925857544,
    0.8890389041467146,
    0.8831597891720858,
    0.8840099356391213,
    0.8872683102434332,
    0.8777426101944663,
    0.8807566274296154,
    0.8810326727953824,
    0.8747740062800321,
    0.873279029672796,
    0.8740945566784252,
    0.8750551776452498,
    0.8796768838709051,
    0.8729149374094877,
    0.8736500360748984,
    0.8717135841196234,
    0.8734942512078718,
    0.8705773841251027,
    0.8731472221287814,
    0.8731158050623807,
    0.8753679123791781,
    0.8861706419424578,
    0.8741396394642916,
    0.869907720522447,
    0.8748703111301769,
    0.8665675791827115,
    0.8675845969807018,
    0.8826639706438238,
    0.8631695508956909,
    0.8606460094451904,
    0.8593165278434753,
    0.8659703027118336,
    0.8679772073572333,
    0.8618766611272638,
    0.865651705048301,
    0.8719298297708685,
    0.8537646748802878,
    0.8588730855421587,
    0.8575553460554644,
    0.8595487367023121,
    0.8578563711859963,
    0.852962380105799,
    0.8545560349117626,
    0.8613233295353976,
    0.8545411012389443,
    0.8558391982858832,
    0.8585407408800992,
    0.8520758314566179,
    0.8576054031198675,
    0.8514755693348971,
    0.8509029908613726,
    0.8523099043152549,
    0.8532275720076128,
    0.852795189077204,
    0.8543638261881742,
    0.8522628491575067,
    0.8528414422815497,
    0.8515513647686351,
    0.8673118840564381,
    0.8592044277624651,
    0.8534072637557983,
    0.8767341808839277,
    0.8590332865715027,
    0.8563241579315879,
    0.8574821678074923,
    0.869907330382954,
    0.8559267249974337,
    0.8488760753111406,
    0.8582586917010221,
    0.8534118099646135,
    0.8489656773480502,
    0.8506396087733182,
    0.8577422066168352,
    0.8611215190453962,
    0.8551136255264282,
    0.8446017449552362,
    0.8716560385443948,
    0.8543606021187522,
    0.8462771394036033,
    0.8776210221377286,
    0.8505999825217507,
    0.8569906733252786,
    0.8478707020932977,
    0.8591854572296143,
    0.8506498824466359,
    0.8526944463903253,
    0.8479422385042364,
    0.8460336435924877
  ],