{
  "train_loss": [
    2.0573055928094046,
    1.4219273782911754,
    1.177034360794794,
    1.0637149209067935,
    1.001432821410043,
    0.9585844637098766,
    0.9276915038199652,
    0.9019954654148646,
    0.8850482761292231,
    0.8669033008530026,
    0.8538972472009204,
    0.7983733848163059,
    0.7865609228043329,
    0.7796862749826341,
    0.7747056340035938,
    0.7715989717983064,
    0.7696799767585027,
    0.7666816732996986,
    0.7632773338045393,
    0.7608116523424784,
    0.7576214372544061,
    0.7559995085852487,
    0.7536349279539926,
    0.7532508424350194,
    0.7506223469688779,
    0.7499474695750645,
    0.7492851033664885,
    0.7476632998103188,
    0.7458860801515125,
    0.7455298547517686,
    0.7523325746400016,
    0.7500643203372047,
    0.7491814084280105,
    0.74792596022288,
    0.7442519497871399,
    0.7423098292804899,
    0.7422357478595916,
    0.7402606630325317,
    0.7387812081972758,
    0.736873843442826,
    0.7345741107350304,
    0.7321998632521857,
    0.7301183298655919,
    0.7278073908033825,
    0.7280067414329165,
    0.7268989131564185,
    0.7251720808801196,
    0.7240767645835876,
    0.7221428172928946,
    0.7203391858509609,
    0.7201458882150196,
    0.7196735281036014,
    0.7178530245735532,
    0.7162037981124151,
    0.7158584852445693,
    0.7158368259384519,
    0.7128280405771165,
    0.7147200940904164,
    0.711577757653736,
    0.712800798643203,
    0.7099823835917881,
    0.7094125703402928,
    0.7121944575082688,
    0.7118988644509089,
    0.709277971131461,
    0.7077028072448004,
    0.7080545403843834,
    0.7082445530664353,
    0.7083349256288438,
    0.7082840664046152,
    0.7176550499598185,
    0.7161899550755819,
    0.7147094493820554,
    0.7132589966910226,
    0.7120867641766866,
    0.71274379832404,
    0.7118262653123765,
    0.7098595184371584,
    0.7097653646696181,
    0.7072630023956299,
    0.7066085040001642,
    0.7058494752929324,
    0.7055974687848773,
    0.7039188922019232,
    0.7045656786646162,
    0.7020086313429333,
    0.701160527183896,
    0.699864091532571
  ],
  "train_acc": [
    32.330357142857146,
    62.41517857142857,
    73.57589285714286,
    78.55952380952381,
    80.7514880952381,
    82.35714285714286,
    83.51339285714286,
    84.53422619047619,
    85.04464285714286,
    85.83184523809524,
    86.53125,
    88.75892857142857,
    89.22172619047619,
    89.59672619047619,
    89.78720238095238,
    90.07142857142857,
    90.02232142857143,
    90.10863095238095,
    90.29315476190476,
    90.26785714285714,
    90.57589285714286,
    90.67708333333333,
    90.68303571428571,
    90.77380952380952,
    90.91815476190476,
    90.92113095238095,
    91.0,
    90.98065476190476,
    91.06696428571429,
    91.10863095238095,
    90.80505952380952,
    90.86011904761905,
    90.85714285714286,
    90.875,
    91.07142857142857,
    91.31994047619048,
    91.33333333333333,
    91.35267857142857,
    91.34077380952381,
    91.48214285714286,
    91.63988095238095,
    91.70089285714286,
    91.8125,
    91.96428571428571,
    91.99404761904762,
    91.94345238095238,
    92.01636904761905,
    92.09672619047619,
    92.26785714285714,
    92.26636904761905,
    92.35863095238095,
    92.42708333333333,
    92.39285714285714,
    92.47916666666667,
    92.51785714285714,
    92.48958333333333,
    92.65327380952381,
    92.58630952380952,
    92.83630952380952,
    92.71279761904762,
    92.80208333333333,
    92.83779761904762,
    92.78571428571429,
    92.79464285714286,
    92.7514880952381,
    92.87797619047619,
    92.91666666666667,
    92.92857142857143,
    92.96279761904762,
    92.83184523809524,
    92.37946428571429,
    92.35119047619048,
    92.54464285714286,
    92.64732142857143,
    92.60267857142857,
    92.50892857142857,
    92.76041666666667,
    92.80654761904762,
    92.68154761904762,
    92.69196428571429,
    92.89732142857143,
    92.8735119047619,
    93.03869047619048,
    92.95089285714286,
    92.85416666666667,
    93.12946428571429,
    93.18154761904762,
    93.20238095238095
  ],
  "val_loss": [
    1.3679605357500972,
    1.0987816075889432,
    0.9841164861406598,
    0.9824739049892036,
    0.9057815634474462,
    0.9537235340293573,
    0.8965041175180551,
    0.8743000784698798,
    0.9633979846020134,
    0.8912066415864595,
    0.8786717993872506,
    0.8068663344091299,
    0.7985349285359286,
    0.8025452056709601,
    0.7942117428293034,
    0.7955500690304503,
    0.7938166893258387,
    0.7894210097741108,
    0.7970788661314516,
    0.7928453501389952,
    0.7924713395079788,
    0.7891067132657889,
    0.7904472314581579,
    0.7850617705559244,
    0.7852707821495679,
    0.7858637851111743,
    0.7831159574644906,
    0.7823372933329368,
    0.7836729507057034,
    0.7829671635919687,
    0.7918163112231663,
    0.7966127067196126,
    0.8148209854048125,
    0.7878193466030822,
    0.7898191201443575,
    0.7926992129306404,
    0.7870614723283418,
    0.7875074549597136,
    0.7841209708427896,
    0.7916029764681446,
    0.7892296788643818,
    0.7794473414518395,
    0.7883726686847453,
    0.7787272626039933,
    0.7865262153197308,
    0.7807506870250313,
    0.7745052174646028,
    0.7766593183789935,
    0.7771706082382981,
    0.7802075938302644,
    0.7779927910590658,
    0.7768650748291794,
    0.7749922093080015,
    0.7762203642300197,
    0.7764465066851401,
    0.7776364197536391,
    0.7743314966863516,
    0.7754036370588808,
    0.780755552710319,
    0.7742797245784682,
    0.7754963867518366,
    0.7765017784371668,
    0.7753920226680989,
    0.7765356509052977,
    0.7743671232340287,
    0.7760456873446094,
    0.7746363476831086,
    0.7741013789663509,
    0.7754429882886459,
    0.7751070394807932,
    0.781990787204431,
    0.7817781056676593,
    0.7765139511653355,
    0.7872333088699652,
    0.777295149102503,
    0.7813855701563309,
    0.7794478888414345,
    0.7843690015831772,
    0.7905874106348777,
    0.7775832390298649,
    0.7746982391999693,
    0.7914586663246155,
    0.7801893487268564,
    0.7825184865873687,
    0.7823130670858889,
    0.778543660835344,
    0.7785736054790263,
    0.7785419420320161
  ],