{
  "train_loss": [
    1.5126796872162622,
    1.029415388245228,
    0.9429917485753366,
    0.9029144028986781,
    0.8671362427147952,
    0.847414809071328,
    0.8337848600277231,
    0.8137483909602993,
    0.8015928822608034,
    0.7934400857972704,
    0.7873711967763822,
    0.7780898262646573,
    0.7718374955752665,
    0.765439812555786,
    0.7640592276064817,
    0.7611316925237986,
    0.7632859866481182,
    0.7480210868780278,
    0.7448393576893925,
    0.7469366214984705,
    0.7464756396683779,
    0.7433202444029249,
    0.7115171886672659,
    0.7067814193481257,
    0.7014286261944731,
    0.7000345326652212,
    0.701323693448847,
    0.698207032089391,
    0.695718549499827,
    0.6926436552331467,
    0.6912743417192097,
    0.6881716987810844,
    0.6908426986745566,
    0.6896880276439604,
    0.6903067494719481,
    0.6851777813651345,
    0.6746476950231662,
    0.6739480712197043,
    0.6719895042171163,
    0.6689384175726205,
    0.6668995076959784,
    0.6659437757878264,
    0.6680840638058245,
    0.6622888527133248,
    0.6576912208529543,
    0.6579091482418628,
    0.6568433972429638
  ],
  "train_acc": [
    56.026438569206846,
    77.58877656817003,
    81.26944012441679,
    82.7954898911353,
    84.1627786417833,
    84.92094349403837,
    85.26762571280456,
    86.34331259720062,
    86.6770347330223,
    87.15007776049767,
    87.3801192327631,
    87.76892172109902,
    88.3326853291861,
    88.818688439606,
    88.73120787973043,
    88.8575686884396,
    88.93208916537066,
    89.74209434940384,
    89.78421461897356,
    89.62545360290306,
    89.965655780197,
    89.73561430793157,
    91.21630378434422,
    91.5500259201659,
    91.66342664593053,
    91.73146708138933,
    91.65370658372214,
    91.7800673924313,
    91.81246759979264,
    92.01334888543286,
    92.02306894764126,
    92.29523068947641,
    92.20775012960083,
    92.24987039917056,
    92.22071021254536,
    92.57387247278382,
    92.85575427682737,
    92.8881544841887,
    93.03071539657854,
    93.10199585277346,
    93.10523587350959,
    93.41627786417833,
    93.10847589424573,
    93.4130378434422,
    93.61715914981856,
    93.57827890098497,
    93.77916018662519
  ],
  "val_loss": [
    1.2005690259318198,
    1.013030432885693,
    1.0092914239052804,
    0.961550933699454,
    0.9249016565661277,
    0.9341857375637177,
    0.8821846592810846,
    0.8944585265651825,
    0.8966743003937506,
    1.0773080241295598,
    0.8950919893480116,
    0.872495335917319,
    0.9091968651740782,
    0.8557178954924306,
    0.8637121492816556,
    0.8867545185550567,
    0.8598575822768673,
    0.8487196064764454,
    0.8522198988545325,
    0.8699088135073262,
    0.8617622621597782,
    0.8837160045100797,
    0.8405313261093632,
    0.8316541756353071,
    0.8525191756986803,
    0.8512918622263016,
    0.8440599691483283,
    0.8240352426805804,
    0.8317168854898022,
    0.8232872966797121,
    0.8305989023177854,
    0.8252077544889143,
    0.8708452582359314,
    0.8599677316604122,
    0.8241972942506114,
    0.8516425874925428,
    0.8243137232718929,
    0.8218075383094049,
    0.8171197637434928,
    0.8249392144141658,
    0.8160413292146498,
    0.83968416337044,
    0.835203097712609,
    0.8219578939099466,
    0.8256943591179386,
    0.822960659380882,
    0.8294983044747384
  ],
  "val_acc": [
    65.94926979246733,
    75.53164232641558,
    75.71099154496541,
    77.58134768127081,
    78.81117089418396,
    78.04253138611324,
    80.37407122726108,
    82.4750192159877,
    81.09146810146042,
    74.4043043812452,
    82.55188316679477,
    83.0130668716372,
    82.37253394824494,
    82.32129131437355,
    83.44862925954394,
    82.83371765308736,
    83.858570330515,
    84.42223930310018,
    83.78170637970791,
    83.78170637970791,
    83.88419164745068,
    83.06430950550859,
    85.37022802972072,
    85.47271329746349,
    85.37022802972072,
    84.96028695874968,
    84.88342300794261,
    85.9851396361773,
    85.85703305149885,
    86.19011017166282,
    85.95951831924161,
    86.31821675634127,
    83.90981296438638,
    84.80655905713553,
    85.93389700230591,
    85.11401486036382,
    86.8050217781194,
    86.93312836279785,
    87.0612349474763,
    86.90750704586216,
    86.90750704586216,
    86.44632334101973,
    86.65129387650525,
    86.90750704586216,
    86.88188572892646,
    86.67691519344095,
    86.5231872918268
  ]
}