{
  "train_loss": [
    2.3043024368884852,
    1.8097301502398846,
    1.4229809521559642,
    1.272943879456798,
    1.1919153789768304,
    1.1304602850178431,
    1.068319715726536,
    1.0219637839783469,
    0.9915712435683862,
    0.9660575162669468,
    0.9554950103096898,
    0.8969547711145718,
    0.8816322358199834,
    0.8771773991028824,
    0.87119009302336,
    0.8663212408399368,
    0.8630089292077205,
    0.8596900046673591,
    0.8579877235429704,
    0.8567854206123694,
    0.8502408084313431,
    0.8502074014980162,
    0.8462139164920345,
    0.8419167944668654,
    0.8408904540699159,
    0.840586424943043,
    0.8377272526779517,
    0.8353417660088817,
    0.8398128959095531,
    0.8382646930591943,
    0.840542189208916,
    0.83952702508379,
    0.8376096430915354,
    0.8371208034823293,
    0.8338694521664504,
    0.8294960356613981,
    0.8269659457185343,
    0.8290642916888934,
    0.8234349777880271,
    0.8200477318913413,
    0.8212861148765803,
    0.8164027108739844,
    0.8154441978899353,
    0.8158359137351203,
    0.8097688801620039,
    0.8094381930582192,
    0.8085698298274668,
    0.8087710099369956,
    0.80200318798356,
    0.802570192268611,
    0.8012449984593242,
    0.8032982827836622,
    0.8006863944199053,
    0.7977173379183885,
    0.7984999896699537,
    0.7969337423820667,
    0.7961164766362965,
    0.7973214705963306,
    0.7937029541340644,
    0.7944149850729869,
    0.7923041972344231,
    0.792219837417517,
    0.793853557965146,
    0.7916222345668639,
    0.7915744145354883,
    0.7915770700159629,
    0.7870650304807141,
    0.7918724567366288,
    0.7876659238819584,
    0.7898054927453867,
    0.7958238188995909,
    0.7953540934040942,
    0.7978543909141301,
    0.794645290738264,
    0.7936831105984914,
    0.7932564036193984,
    0.7901128036024324,
    0.7939748079787455,
    0.7871714795651458,
    0.7859718120686142,
    0.7851251794083771,
    0.7829143292700763,
    0.7835709594290353,
    0.7826566730914094,
    0.7792551661820689,
    0.7794910915229353,
    0.7765772770338529,
    0.7766694720550503,
    0.7777930559598811,
    0.774380566560634,
    0.7731870869884576,
    0.7720465248475695,
    0.7723710726729422,
    0.770102750292808,
    0.7704402168235437,
    0.7702310884479985,
    0.7670149068126764,
    0.7663075365293186,
    0.7654825587978278,
    0.7641535692685388
  ],
  "train_acc": [
    23.441948750395444,
    46.12815916200921,
    61.39055854335829,
    67.97075468382018,
    72.05877183732292,
    75.39456571408485,
    78.26285633941438,
    79.9430559949383,
    80.8393968153538,
    81.96773173046505,
    82.31923793454955,
    84.88523322436642,
    85.43358290273824,
    85.80617947906781,
    86.02762838764104,
    86.2666526064185,
    86.35101409539878,
    86.62870399662555,
    86.97318007662835,
    86.87827340152553,
    87.0856620619354,
    87.28953566030441,
    87.29656578438609,
    87.62346655418469,
    87.66916236071566,
    87.76406903581848,
    87.80976484234947,
    87.88358114520722,
    87.86249077296215,
    87.66213223663398,
    87.58128580969453,
    87.80273471826777,
    87.72540335336919,
    88.02418362684101,
    88.06636437133115,
    88.22454216316918,
    88.18939154276073,
    88.21399697704665,
    88.47411156806918,
    88.61471404970298,
    88.66040985623397,
    88.8431930823579,
    88.93458469541987,
    88.7412562831734,
    89.04355161868607,
    89.14548841787058,
    89.28609089950437,
    89.31421139583114,
    89.67626278603818,
    89.61299166930296,
    89.52511511828183,
    89.53566030440437,
    89.40208794685226,
    89.7641393370593,
    89.77116946114099,
    89.8344405778762,
    89.89771169461142,
    89.73601884073254,
    89.86256107420296,
    89.90122675665225,
    90.04885936236775,
    90.10510035502126,
    89.9820731835917,
    90.17188653379732,
    90.08049492073535,
    90.17540159583817,
    90.26679320890014,
    89.85904601216211,
    90.31600407747197,
    90.0840099827762,
    89.89771169461142,
    89.82389539175367,
    89.75359415093676,
    89.91177194277479,
    89.91880206685649,
    90.03128405216351,
    90.15079616155225,
    89.97504305951,
    90.26327814685929,
    90.0769798586945,
    90.26327814685929,
    90.51636261380014,
    90.56557348237196,
    90.48824211747338,
    90.67102534359732,
    90.64290484727056,
    90.52690779992267,
    90.80108263910859,
    90.65345003339309,
    90.79405251502689,
    91.07525747829449,
    90.98035080319167,
    91.06822735421281,
    91.00144117543675,
    90.92059474849731,
    91.14555871911139,
    91.16664909135646,
    91.29319132482688,
    91.31428169707195,
    91.30725157299027
  ],
  "val_loss": [
    1.9422062743793835,
    1.3515198664231733,
    1.1475500085137107,
    1.1671977151523938,
    1.0750086957758123,
    1.0084844014861367,
    1.027755238793113,
    0.9540651332248341,
    0.9875435287302191,
    0.978577120737596,
    0.9380270730365406,
    0.9078862829641863,
    0.9052984118461609,
    0.894414874640378,
    0.8985689932649786,
    0.901208910075101,
    0.9001415100964633,
    0.9016009731726213,
    0.9124435132200067,
    0.9051120335405524,
    0.8962532227689569,
    0.8929668339816007,
    0.8961963328448209,
    0.8942929397929799,
    0.8932246945121072,
    0.8931200721047141,
    0.8961632576855746,
    0.8950419642708518,
    0.8945769721811468,
    0.8938606435602362,
    0.8958815878087824,
    0.8891238841143522,
    0.9018981131640348,
    0.9189459627324884,
    0.8943649909713052,
    0.896588227965615,
    0.8936439210718329,
    0.8962384895844893,
    0.888749821619554,
    0.8979192051020536,
    0.8951865055344321,
    0.8999078165401112,
    0.908273458480835,
    0.8908333019776777,
    0.9004627845504067,
    0.8937023986469615,
    0.8932135159319098,
    0.8786616758866743,
    0.8986278230493719,
    0.8875684304670854,
    0.8806852698326111,
    0.8913307677615773,
    0.8930138186974959,
    0.9008631056005304,
    0.8863287513906305,
    0.8822515390136025,
    0.8813605850393121,
    0.8887854218482971,
    0.8923157182606783,
    0.8874697685241699,
    0.882069853219119,
    0.8829084634780884,
    0.8845625790682706,
    0.8849658640948209,
    0.8898670673370361,
    0.8843991593881086,
    0.8857243223623796,
    0.8824499141086232,
    0.8848752487789501,
    0.8857957504012368,
    0.8977122090079568,
    0.9046927365389738,
    0.9014081846583973,
    0.9022719264030457,
    0.8911300735040144,
    0.910075144334273,
    0.8905615264719183,
    0.9045104546980425,
    0.9056237773461775,
    0.9042131954973395,
    0.8875569647008722,
    0.8884581869298761,
    0.9016229672865435,
    0.8907187960364602,
    0.9009987386790189,
    0.8876111290671609,
    0.9046363938938488,
    0.8905853629112244,
    0.8968843763524835,
    0.8910309238867327,
    0.9018921906297858,
    0.9068971493027427,
    0.8930861353874207,
    0.9052347107367082,
    0.8877785151655023,
    0.8918682336807251,
    0.8871177434921265,
    0.8788455399599943,
    0.8876205845312639,
    0.892179857600819
  ],