{
  "train_loss": [
    2.310998284763285,
    1.902220549070247,
    1.3787035829817769,
    1.227540517067161,
    1.143309305868876,
    1.063047680619586,
    1.0079568178129839,
    0.9777641456757961,
    0.9387575085922207,
    0.937110200323866,
    0.9134544850464894,
    0.8670368004807443,
    0.8561859072056587,
    0.8475714152169335,
    0.8449564634951775,
    0.8406717336231283,
    0.8375188526551285,
    0.8345402778531403,
    0.8320105786815353,
    0.8308241872509499,
    0.8255449068385924,
    0.8262309889087762,
    0.8224685750734646,
    0.8203359056481332,
    0.8220632840699679,
    0.8173579843589543,
    0.8192400790650748,
    0.8165044159098056,
    0.8174792295614166,
    0.8152566993183085,
    0.8204292411761434,
    0.8234198991493259,
    0.8142808020916755,
    0.8170871841533301,
    0.8123414735623005,
    0.8109016343617118,
    0.8074348004944122,
    0.8078278466190458,
    0.8070184150084252,
    0.8022478923134739,
    0.8009602673385176,
    0.7984739966991237,
    0.7984473023713972,
    0.7974612915997014,
    0.7930507841666183,
    0.7890426169061875,
    0.7930176340945633,
    0.791268884066509,
    0.788326076595238,
    0.7877196829949794,
    0.7866858770494504,
    0.7849219353209697,
    0.7874302655592093,
    0.7843970800729075,
    0.7798654020099897,
    0.7829115791705692,
    0.779140935617712,
    0.776749893154264,
    0.7772511072757533,
    0.7788077325564329,
    0.7769895650346182,
    0.775681229450243,
    0.7788660368577247,
    0.7792410626005164,
    0.7765804914081044,
    0.7712283583499926,
    0.7740133335237546,
    0.775536232999622,
    0.7744420702681948,
    0.77279869563911,
    0.7806127111473425,
    0.7816122633993893,
    0.781512005714023,
    0.7779107459992036,
    0.777811890225774,
    0.7745931271480337,
    0.7755639015826409,
    0.7733616305039068,
    0.7705977422774105,
    0.771479210244166
  ],
  "train_acc": [
    23.406798129986996,
    41.832753348096595,
    62.0935709515273,
    68.82842982178636,
    73.44370628141587,
    77.77777777777777,
    80.00984217371436,
    81.14169215086646,
    82.78322612394109,
    82.92382860557488,
    83.75338324721432,
    85.67963724559739,
    86.16823086927484,
    86.40022496397062,
    86.66385461703399,
    86.9696650145875,
    86.96263489050581,
    87.15947836479315,
    87.07160181377202,
    87.46177370030581,
    87.44068332806074,
    87.51801469295933,
    87.77812928398187,
    87.94333719990158,
    87.87303595908467,
    87.8519455868396,
    88.00660831663679,
    87.9609125101058,
    87.94333719990158,
    88.21399697704665,
    87.82382509051284,
    87.84843052479876,
    88.15072586031144,
    88.14369573622974,
    88.35811452072129,
    88.33350908643537,
    88.4530211958241,
    88.4600513199058,
    88.64634960807058,
    88.81507258603115,
    88.9521600056241,
    89.05761186684946,
    89.03652149460439,
    88.9205244472565,
    89.1946992864424,
    89.38451263664804,
    89.28960596154522,
    89.16657879011565,
    89.62002179338465,
    89.50402474603676,
    89.53917536644522,
    89.7641393370593,
    89.70438328236493,
    89.70789834440578,
    89.99613343175507,
    89.70086822032408,
    90.01722380400014,
    89.88013638440718,
    89.99964849379592,
    89.85553095012126,
    89.95395268726493,
    90.00667861787761,
    89.99964849379592,
    89.88013638440718,
    90.00667861787761,
    90.3195191395128,
    90.0840099827762,
    90.18946184400154,
    90.34060951175788,
    90.18946184400154,
    89.77116946114099,
    89.72547365461,
    89.83795563991704,
    89.99613343175507,
    89.8660761362438,
    90.0769798586945,
    89.9820731835917,
    90.05588948644943,
    90.17188653379732,
    90.40036556645225
  ],
  "val_loss": [
    2.0337251099673184,
    1.3866936510259456,
    1.1476924852891401,
    1.1505917310714722,
    1.0107226371765137,
    0.9697097323157571,
    0.9842112606221979,
    1.1275709867477417,
    0.9540237784385681,
    0.9224344491958618,
    0.9265962080522017,
    0.8783923170783303,
    0.8738706111907959,
    0.8738345557993109,
    0.8788017738949169,
    0.8764710643074729,
    0.8756486285816539,
    0.8734380169348284,
    0.8756045970049772,
    0.8804998397827148,
    0.8734044541012157,
    0.8723466017029502,
    0.8685522404584017,
    0.8660289645195007,
    0.8699408607049421,
    0.8700115626508539,
    0.8706583109768954,
    0.8737282265316356,
    0.8741133592345498,
    0.870137019590898,
    0.8668530908497897,
    0.8787640875036066,
    0.8853828798640858,
    0.8906598091125488,
    0.8681952357292175,
    0.8676613786003806,
    0.8695419430732727,
    0.8825084133581682,
    0.8791567412289706,
    0.879324501210993,
    0.8764875097708269,
    0.8764067671515725,
    0.8681441708044573,
    0.8730329058387063,
    0.8938863169063221,
    0.875081327828494,
    0.8646119236946106,
    0.8740136352452365,
    0.8852587233890187,
    0.8673967935822227,
    0.8694629669189453,
    0.8808997706933455,
    0.8686883557926525,
    0.9041923555460843,
    0.8704115098172968,
    0.8671551888639276,
    0.8722936673597856,
    0.8700890812006864,
    0.8663669336925853,
    0.86367037079551,
    0.8713314912535928,
    0.8743491660464894,
    0.870914177461104,
    0.8740599805658514,
    0.872279248454354,
    0.8668547760356556,
    0.8689519600434736,
    0.8689082969318737,
    0.8707441091537476,
    0.8675892190499739,
    0.865693682974035,
    0.8917917825958945,
    0.8825447505170648,
    0.8666082566434686,
    0.8625529137524691,
    0.8729944445870139,
    0.8732935244386847,
    0.8563799316232855,
    0.8848253217610446,
    0.8736481449820779
  ],
  "val_acc": [
    39.705882352941174,
    62.84829721362229,
    69.42724458204334,
    70.97523219814242,
    78.17337461300309,
    77.39938080495357,
    79.3343653250774,
    73.45201238390094,
    80.41795665634675,
    81.03715170278637,
    80.10835913312694,
    82.89473684210526,
    83.59133126934985,
    83.59133126934985,
    84.13312693498452,
    84.21052631578948,
    84.59752321981424,
    85.29411764705883,
    85.21671826625386,
    84.82972136222911,
    84.90712074303406,
    85.37151702786377,
    85.21671826625386,
    85.21671826625386,
    85.6811145510836,
    85.29411764705883,
    85.91331269349845,
    85.37151702786377,
    85.21671826625386,
    85.44891640866874,
    86.14551083591331,
    85.6811145510836,
    84.82972136222911,
    84.75232198142415,
    86.22291021671826,
    86.37770897832817,
    86.53250773993808,
    86.14551083591331,
    85.13931888544892,
    85.9907120743034,
    85.60371517027863,
    85.6811145510836,
    85.83591331269349,
    86.06811145510837,
    84.75232198142415,
    85.91331269349845,
    86.76470588235294,
    85.9907120743034,
    86.14551083591331,
    86.60990712074303,
    86.30030959752322,
    86.14551083591331,
    86.06811145510837,
    85.6811145510836,
    86.76470588235294,
    86.687306501548,
    85.91331269349845,
    86.45510835913312,
    86.37770897832817,
    87.07430340557275,
    86.91950464396285,
    86.687306501548,
    86.60990712074303,
    86.22291021671826,
    86.53250773993808,
    86.60990712074303,
    86.37770897832817,
    86.84210526315789,
    86.91950464396285,
    86.687306501548,
    86.37770897832817,
    85.44891640866874,
    86.37770897832817,
    86.53250773993808,
    86.91950464396285,
    86.30030959752322,
    86.9969040247678,
    85.44891640866874,
    85.37151702786377,
    86.76470588235294
  ],