{
  "train_loss": [
    1.41015603592698,
    0.6701122849759921,
    0.48802965533145715,
    0.3820650305406588,
    0.3131972553269684,
    0.26827570129658135,
    0.24664538556561225,
    0.19812055333067133,
    0.17028072667898428,
    0.1530801339223631,
    0.15599225267348155,
    0.1359467059067787,
    0.12060301992255197,
    0.11422172144160304,
    0.10674679025030966,
    0.09276080898232233,
    0.0957385669527969,
    0.08467871876993159,
    0.11847655859911385,
    0.08322448176091336,
    0.08352608980606595,
    0.06507086571625176,
    0.06643068797841555,
    0.05431328374663468,
    0.05712665357763817,
    0.057279847780386854,
    0.061887411170851156,
    0.056507122989562494,
    0.055492235101678326,
    0.05458646674340967,
    0.047154876754669464,
    0.05145399832547131,
    0.061809687872307686,
    0.05554924768717094,
    0.05665628041633724,
    0.05606858673595119,
    0.048553210705029014,
    0.04360483525301212,
    0.03567409710953818,
    0.035422632998695046,
    0.04765852010556652,
    0.03314386363832079,
    0.03287887323724664,
    0.0617142662822986,
    0.04123550870725251,
    0.03831845971426062,
    0.0395203386382525,
    0.030717288636511735,
    0.04689603611290457,
    0.04480264468190693
  ],
  "train_acc": [
    49.02018564903492,
    76.94857816413732,
    83.09267717695595,
    86.92353027847355,
    88.83895682923236,
    90.74701635479593,
    91.60159127744217,
    93.06026226609696,
    94.05481066745249,
    94.7915131869751,
    94.72520996021807,
    95.50611463091204,
    95.72712538676882,
    96.058641520554,
    96.38279062914395,
    96.83954619124798,
    96.83217916605275,
    97.11212612347134,
    95.83026373950199,
    97.28156770296154,
    97.34787092971858,
    97.72358921467512,
    97.78989244143214,
    98.16561072638868,
    98.02563724767938,
    98.11404155002211,
    97.9740680713128,
    98.09194047443643,
    98.04037129806984,
    98.1950788271696,
    98.4529247090025,
    98.37925445705024,
    97.98880212170326,
    98.1950788271696,
    98.20244585236482,
    98.18771180197436,
    98.43819065861206,
    98.5634300869309,
    98.85074406954472,
    98.86547811993518,
    98.54869603654045,
    98.91704729630176,
    98.96861647266833,
    97.96670104611758,
    98.5634300869309,
    98.76233976720201,
    98.68866951524974,
    99.08648887579196,
    98.55606306173567,
    98.53396198614999
  ],
  "val_loss": [
    0.7613222499688467,
    0.6048627186704565,
    0.5716964808051233,
    0.5966489731713578,
    0.5518449820164177,
    0.5529296990070078,
    0.5565041337955605,
    0.576096943527874,
    0.5861877699693044,
    0.7066503376872452,
    0.6674878542501204,
    0.6341220579213567,
    0.5978548740838758,
    0.6109511305974727,
    0.6632551343042266,
    0.7359375594942658,
    0.7575708880734359,
    0.6915725144729853,
    0.681410225053292,
    0.741380223774791,
    0.7208885501324268,
    0.7586622226603881,
    0.7619622134688716,
    0.9707696824161589,
    0.8606042128306365,
    0.9874725593943838,
    0.8205134501687199,
    0.8652279173690692,
    0.8194555636472176,
    0.8581029452658834,
    0.9341395214413987,
    0.9719131586736895,
    0.9461437651404628,
    0.9172954869422095,
    0.941216244129464,
    0.8672595573610764,
    0.9800808052792424,
    0.9255269964420492,
    0.9968015207550833,
    0.902340080252745,
    0.988410954753851,
    1.0202148413104792,
    1.0504564267616336,
    1.00213878132566,
    1.0835516014449913,
    1.1724453931860301,
    0.9793261515256341,
    1.0296116517921392,
    1.1197899911086873,
    0.9569770822267013
  ],
  "val_acc": [
    72.76544691061788,
    76.124775044991,
    79.66406718656269,
    79.84403119376125,
    79.90401919616077,
    81.58368326334733,
    81.5236952609478,
    81.82363527294541,
    82.54349130173965,
    77.98440311937613,
    82.36352729454109,
    82.78344331133773,
    83.5632873425315,
    84.22315536892621,
    83.74325134973006,
    83.68326334733054,
    83.62327534493102,
    84.64307138572286,
    84.10317936412717,
    83.86322735452909,
    84.58308338332334,
    84.4631073785243,
    84.04319136172765,
    83.5632873425315,
    84.34313137372526,
    82.66346730653869,
    83.74325134973006,
    83.86322735452909,
    84.04319136172765,
    83.92321535692861,
    84.64307138572286,
    83.68326334733054,
    81.4637072585483,
    83.08338332333533,
    82.90341931613678,
    83.68326334733054,
    83.92321535692861,
    84.40311937612478,
    84.1631673665267,
    84.52309538092382,
    82.72345530893821,
    83.62327534493102,
    84.4631073785243,
    83.5632873425315,
    83.5632873425315,
    83.02339532093582,
    84.1631673665267,
    84.64307138572286,
    83.44331133773245,
    83.38332333533293
  ]
}