{
  "train_loss": [
    1.3123979709365152,
    0.6219072355465456,
    0.4820388246666301,
    0.418543939427896,
    0.37015890912576155,
    0.3242637791416862,
    0.3117481926625425,
    0.2907004793936556,
    0.27938867116516286,
    0.260339646989649,
    0.25152032795277507,
    0.23052689988504757,
    0.2331345795230432,
    0.21735302860086614,
    0.21130394292148677,
    0.20561073029583152,
    0.1941813132979653,
    0.18917818516492843,
    0.18980248177593403,
    0.18141807229681448,
    0.18037889396602458,
    0.1736389147964391,
    0.17074964412234045,
    0.16529449861158024,
    0.16513694328340617,
    0.15960156707601114,
    0.1507060622627085,
    0.15962578701702032,
    0.1469838067211888,
    0.1459256538613276,
    0.14627215767448598,
    0.1427905399690975,
    0.14177281693978744,
    0.13981087160381403,
    0.13519010415131397,
    0.13645705045624212,
    0.1373387317765843,
    0.13697458783333952,
    0.1307301064106551,
    0.1331594977189194,
    0.12662864693186499,
    0.12753301926634528,
    0.13079148334535687,
    0.1287773807617751,
    0.12632269405505875,
    0.12165935662659731,
    0.122175152532079,
    0.12040173330090263,
    0.1290832514112646,
    0.1178646710108627
  ],
  "train_acc": [
    52.77135848117467,
    77.49848899633804,
    81.74707576350126,
    83.63849681800406,
    85.16016638816795,
    86.72449959114019,
    87.12980410281935,
    87.74131617307214,
    88.3243858214527,
    88.70124791125964,
    89.13499484481103,
    89.97760159277563,
    90.04159704198813,
    90.43268034273119,
    90.59977957123048,
    90.91975681729299,
    91.49216055747146,
    91.38194617271661,
    91.53837949301384,
    91.71258932698119,
    91.88324385821453,
    92.03967717851175,
    92.37387563551036,
    92.31343548903189,
    92.55875137767981,
    92.73296121164717,
    92.98183240302912,
    92.68318697337078,
    93.16315284246454,
    93.33380737369787,
    93.21648238347495,
    93.49379599672912,
    93.54001493227149,
    93.45468766665482,
    93.82799445372774,
    93.66089522522843,
    93.55423614320759,
    93.66089522522843,
    93.94531944395065,
    93.87776869200412,
    94.17996942439649,
    94.25463078181107,
    93.99153837949301,
    94.02709140683329,
    94.13730579158815,
    94.40395349664024,
    94.44306182671454,
    94.42528531304441,
    94.31862623102357,
    94.51772318412912
  ],
  "val_loss": [
    0.7040432691574097,
    0.5580318570137024,
    0.4941160440444946,
    0.48426510095596315,
    0.4264866391817729,
    0.39885412057240804,
    0.40733315944671633,
    0.39952064156532285,
    0.4000922401746114,
    0.40166443785031636,
    0.4083583275477091,
    0.42987537384033203,
    0.41029956738154094,
    0.4058636069297791,
    0.4257692833741506,
    0.4052139202753703,
    0.44949826995531716,
    0.4357779820760091,
    0.3948503275712331,
    0.40613095959027606,
    0.4511446992556254,
    0.4335622111956278,
    0.44746935566266377,
    0.43039761384328207,
    0.456507807970047,
    0.4200192908445994,
    0.47770720918973286,
    0.4813572883605957,
    0.4657262980937958,
    0.46462061603864035,
    0.4822306791941325,
    0.4588416357835134,
    0.5379251738389333,
    0.49796939492225645,
    0.49872347911198933,
    0.477602223555247,
    0.4788947840531667,
    0.4928657372792562,
    0.48787561257680256,
    0.5082285066445669,
    0.4919212480386098,
    0.507002200682958,
    0.5233996053536732,
    0.5239362418651581,
    0.4783649543921153,
    0.530998686949412,
    0.5226179818312328,
    0.5314666330814362,
    0.5395614127318065,
    0.5780060172080994
  ],
  "val_acc": [
    72.41939853698184,
    76.32078027634788,
    78.84042264968843,
    80.38471958818748,
    80.70983473313466,
    83.39203467894879,
    82.19994581414251,
    82.41668924410729,
    83.44622053644,
    84.15063668382552,
    81.57680845299377,
    84.23191547006232,
    84.23191547006232,
    83.77133568138716,
    81.73936602546735,
    83.79842861013276,
    81.98320238417773,
    83.01273367651044,
    85.07179626117583,
    85.09888918992144,
    83.63587103765917,
    84.28610132755351,
    84.66540232999188,
    84.85505283121105,
    83.39203467894879,
    85.88458412354376,
    85.26144676239501,
    85.26144676239501,
    85.3427255486318,
    84.88214575995666,
    85.28853969114061,
    85.58656190734219,
    85.532376049851,
    85.66784069357898,
    85.83039826605255,
    84.66540232999188,
    84.88214575995666,
    84.71958818748307,
    85.80330533730697,
    85.31563261988622,
    86.26388512598211,
    85.58656190734219,
    85.74911947981577,
    84.99051747493904,
    86.26388512598211,
    86.80574370089407,
    85.99295583852614,
    86.02004876727175,
    84.99051747493904,
    85.72202655107017
  ]
}