{
  "train_loss": [
    1.1862797947894586,
    0.5535392679372116,
    0.42921829194222627,
    0.35273691884389047,
    0.3213621633200857,
    0.2946376878229019,
    0.2688392282855746,
    0.2425653227163773,
    0.2212457636273221,
    0.20914374502669825,
    0.19055985424079394,
    0.1877358734828273,
    0.17871525883674622,
    0.16643754810732053,
    0.1583327421501867,
    0.1551574334551237,
    0.14584021009872422,
    0.1479812584890935,
    0.14423422951643405,
    0.13538774154394081,
    0.12970414520762125,
    0.12478790792489522,
    0.1253643015485355,
    0.12503769801390408,
    0.11465922516378525,
    0.12158360045501276,
    0.10805997842582751,
    0.12060371872135683,
    0.11953958122084211,
    0.10388752128174499,
    0.1067960603701833,
    0.10623774322678066,
    0.10790235356513508,
    0.09150497341742218,
    0.09315386998442639,
    0.10710349812870845,
    0.10222896506610069,
    0.09751476281278308,
    0.08897641170034676,
    0.09693569868901059,
    0.09720808653908439,
    0.08195487870436505,
    0.08534877984953039,
    0.09363461885674808,
    0.09180094330651245,
    0.0897515532208337,
    0.08893307837608613,
    0.08371684727420584,
    0.07892191032404203,
    0.08498395944939387
  ],
  "train_acc": [
    56.76149247577819,
    79.58668315811173,
    83.59616573902288,
    85.94104308390023,
    87.15728715728716,
    88.2240775097918,
    89.14656771799629,
    89.7907647907648,
    90.77509791795507,
    91.14615543186972,
    91.92949907235622,
    91.8315811172954,
    92.2284065141208,
    92.81591424448567,
    93.06328592042878,
    93.03751803751804,
    93.77447948876521,
    93.35188620902906,
    93.49103277674706,
    93.98062255205113,
    94.18676561533704,
    94.25376211090497,
    94.36198721913007,
    94.47536590393733,
    94.79488765203051,
    94.71243042671614,
    95.24840239125953,
    94.81034838177695,
    95.0834879406308,
    95.25870954442384,
    95.3102453102453,
    95.28447742733456,
    95.44939187796331,
    95.83075654504226,
    95.75345289631004,
    95.49062049062049,
    95.56277056277057,
    95.78437435580292,
    96.02659245516388,
    95.7276850133993,
    95.94413522984952,
    96.26881055452483,
    96.29973201401774,
    95.99567099567099,
    96.08843537414965,
    96.15543186971759,
    96.20181405895691,
    96.3718820861678,
    96.51618223046795,
    96.28942486085343
  ],
  "val_loss": [
    0.695664508002145,
    0.5911455807231721,
    0.5836820829482305,
    0.5322649755648204,
    0.5887821678604398,
    0.5326595576036544,
    0.5192006244545891,
    0.5370254715283712,
    0.5329764790478206,
    0.5055777966266587,
    0.5422369922910418,
    0.5898874519126756,
    0.6036390420936403,
    0.5656218322969618,
    0.6050941887355986,
    0.563218430394218,
    0.5971129447931335,
    0.6100599176826931,
    0.6499504709527606,
    0.6740111162265142,
    0.7048104504744211,
    0.7692385365565618,
    0.6379399136418388,
    0.6380361226342973,
    0.7032395438069389,
    0.6069799902893248,
    0.7345969762120929,
    0.6747031747585251,
    0.7863222601867857,
    0.7955266435941061,
    0.6863034300151325,
    0.7445711227399963,
    0.694478955297243,
    0.8132036129633585,
    0.8184014991635368,
    0.8594870574417568,
    0.8201122418755576,
    0.9204646008355277,
    0.8524327888375237,
    0.8142634821789605,
    0.8527806273528508,
    0.8597404971009209,
    0.8749430690492902,
    0.8394431202184587,
    0.9384926628498804,
    0.9581499894460043,
    0.9321394853648686,
    0.9427447148731777,
    0.9467771493253254,
    0.9679959969861167
  ],
  "val_acc": [
    74.77443609022556,
    77.78195488721805,
    78.30827067669173,
    80.48872180451127,
    80.30075187969925,
    80.90225563909775,
    82.40601503759399,
    82.74436090225564,
    82.21804511278195,
    83.796992481203,
    82.89473684210526,
    83.15789473684211,
    83.1203007518797,
    83.42105263157895,
    83.0827067669173,
    82.89473684210526,
    83.19548872180451,
    84.02255639097744,
    83.34586466165413,
    83.27067669172932,
    82.40601503759399,
    82.44360902255639,
    84.66165413533835,
    83.60902255639098,
    82.89473684210526,
    83.53383458646617,
    84.06015037593986,
    83.6842105263158,
    82.74436090225564,
    83.87218045112782,
    83.57142857142857,
    83.00751879699249,
    84.58646616541354,
    83.98496240601504,
    83.98496240601504,
    83.30827067669173,
    83.98496240601504,
    83.45864661654136,
    84.32330827067669,
    83.49624060150376,
    84.09774436090225,
    84.51127819548873,
    84.58646616541354,
    84.32330827067669,
    83.6842105263158,
    84.73684210526316,
    83.19548872180451,
    83.796992481203,
    83.98496240601504,
    84.3609022556391
  ]
}