{
  "train_loss": [
    1.5544534650715915,
    1.0608494715257124,
    0.9458783073858781,
    0.8847936283458363,
    0.840383745323528,
    0.8023138880729676,
    0.7793243023482236,
    0.7577438479120081,
    0.7426391032609072,
    0.7278760720383037,
    0.7140797192400152,
    0.7032501079819419,
    0.6938129457560452,
    0.6852150808681141,
    0.6766867903145877,
    0.6698359018022364,
    0.6638680458068847,
    0.658890300989151,
    0.6539066715673967,
    0.6390362880446694,
    0.6310106483372775,
    0.6295561096884987,
    0.6293272359804674,
    0.6275933141058142,
    0.6238044110211459,
    0.6203958088701421,
    0.6217019368301738,
    0.6196613804860549,
    0.6185636953874067,
    0.6164368916641582,
    0.6129629335620187,
    0.6087801429358396,
    0.6085951935161243,
    0.6075541745532643,
    0.604161723093553,
    0.6032627793875608,
    0.6008702906695279,
    0.6009723305702209,
    0.5976154842159965,
    0.5962265626950698,
    0.593630561503497,
    0.5948008174246008,
    0.5936501394618642,
    0.5937546984715896,
    0.5927677864378149,
    0.5910133470188488,
    0.5901786641641097,
    0.5884969332001426,
    0.5875720089132136,
    0.5865335106849671
  ],
  "train_acc": [
    54.88320830518719,
    78.21310484587762,
    82.90610445479433,
    85.42325879048602,
    87.20802076296796,
    88.60169943470686,
    89.88160841895687,
    90.59266896576243,
    91.24684466882356,
    91.87613325274647,
    92.39876275464856,
    92.59785970775411,
    92.85028620187009,
    93.39069221744232,
    93.55423614320759,
    93.71422476623884,
    93.8742133892701,
    93.98798307675898,
    94.24752017634302,
    94.88391936573399,
    95.23944963913678,
    95.33188751022149,
    95.29277918014719,
    95.34255341842358,
    95.64119884808191,
    95.70163899456038,
    95.59853521527359,
    95.69808369182635,
    95.69808369182635,
    95.80829807658122,
    95.93273367227219,
    96.28826394567497,
    96.28470864294094,
    96.32381697301525,
    96.40914423863192,
    96.46602908237637,
    96.5335798343229,
    96.4695843851104,
    96.69712376008818,
    96.78600632843887,
    96.9566608596722,
    96.90688662139581,
    96.8926654104597,
    96.91044192412984,
    96.9566608596722,
    97.04909873075692,
    97.09887296903331,
    97.2126426565222,
    97.3015252248729,
    97.36196537135137
  ],
  "val_loss": [
    1.0895860195159912,
    0.9910026431083679,
    0.9086074908574422,
    0.913715390364329,
    0.8432456572850545,
    0.827417794863383,
    0.8072378158569335,
    0.8109384894371032,
    0.7990411758422852,
    0.796992814540863,
    0.794391413529714,
    0.7976677894592286,
    0.7904016296068828,
    0.7828267653783162,
    0.7759743650754293,
    0.7763774593671163,
    0.7841333071390788,
    0.7897929668426513,
    0.785329790910085,
    0.7804027279218038,
    0.7787724177042643,
    0.7761029998461405,
    0.7831231673558553,
    0.779897944132487,
    0.7792180101076762,
    0.7787356376647949,
    0.7767612179120381,
    0.7860551714897156,
    0.7847882032394409,
    0.7817587653795878,
    0.7793166160583496,
    0.7796050349871317,
    0.7816048701604207,
    0.781309445699056,
    0.7806016325950622,
    0.7859461625417073,
    0.7810195446014404,
    0.784229592482249,
    0.7846663316090902,
    0.7869012395540873,
    0.7843921740849813,
    0.7824791351954142,
    0.7824108521143596,
    0.7865963697433471,
    0.783686117331187,
    0.7867396036783855,
    0.7862341523170471,
    0.7867816766103108,
    0.7855527718861898,
    0.786636479695638
  ],
  "val_acc": [
    68.54510972636142,
    75.37252777025196,
    79.84286101327554,
    78.86751557843402,
    82.87726903278245,
    84.50284475751829,
    84.80086697371986,
    84.88214575995666,
    85.66784069357898,
    85.50528312110539,
    84.80086697371986,
    85.4510972636142,
    86.20969926849092,
    86.29097805472772,
    86.75155784340288,
    86.4806285559469,
    86.02004876727175,
    86.04714169601733,
    86.12842048225413,
    86.3993497697101,
    87.02248713085885,
    86.83283662963966,
    87.23923056082363,
    87.4288810620428,
    87.72690327824438,
    87.78108913573557,
    87.61853156326198,
    87.4017881332972,
    87.07667298835004,
    87.45597399078841,
    87.88946085071797,
    87.86236792197236,
    88.10620428068275,
    88.40422649688432,
    87.83527499322676,
    87.99783256570035,
    87.83527499322676,
    87.88946085071797,
    88.18748306691954,
    88.40422649688432,
    88.29585478190192,
    88.6209699268491,
    88.4855052831211,
    88.6209699268491,
    88.5667840693579,
    88.24166892441073,
    88.5396911406123,
    88.37713356813872,
    88.5125982118667,
    88.5125982118667
  ]
}