{
  "train_loss": [
    0.9631718155335296,
    0.435907585139979,
    0.3353724171153524,
    0.27779277893291277,
    0.2431803862987594,
    0.22441222152926704,
    0.20212353780357675,
    0.1856692534448071,
    0.1777454294348982,
    0.16671959955075924,
    0.1587865401144055,
    0.15046762972223487,
    0.14322646167129277,
    0.136735963804478,
    0.13868388914587823,
    0.1305180521639572,
    0.12915374185381964,
    0.12447356408546593,
    0.11953133301470767,
    0.11749694708480754,
    0.11375537343661893,
    0.10593400558202781,
    0.11343636290085586,
    0.10807379243514416,
    0.10877656056545675,
    0.1085261186521331,
    0.10655243994075467,
    0.10178419482386247,
    0.09323423446621745,
    0.09767899182201786,
    0.10464086702770807,
    0.09303500837519427,
    0.09580918747762387,
    0.10015067584304647,
    0.08840800480049273,
    0.08897596423577686,
    0.0897655018576188,
    0.09101406787945465,
    0.08767633427103812,
    0.08706410768103193,
    0.0856916408319111,
    0.0815353705949912,
    0.08005868965886873,
    0.08239452073731544,
    0.08904177076818252,
    0.08448237514080988,
    0.0819092301884666,
    0.07592277480077676,
    0.08289468261090488,
    0.07228445621546019
  ],
  "train_acc": [
    64.80961353859281,
    82.79944537277349,
    86.23386781384436,
    88.14662068475131,
    89.64695843851104,
    90.11270309666868,
    91.0370818075159,
    91.93301809649091,
    92.10011732499022,
    92.38809684644647,
    92.96050058662495,
    93.28758843815551,
    93.61467628968607,
    93.77822021545134,
    93.91687702207842,
    94.44661712944857,
    94.23685426814093,
    94.499946670459,
    94.77726028371316,
    94.68482241262844,
    95.08657162157358,
    95.33188751022149,
    95.03679738329718,
    95.3461087211576,
    95.20745191453052,
    95.39943826216802,
    95.45276780317845,
    95.61986703167774,
    95.86518292032567,
    95.93984427774025,
    95.78341095744302,
    95.92917836953816,
    95.8438511039215,
    95.88651473672984,
    96.16027304724997,
    96.20649198279233,
    96.22426849646247,
    96.26337682653678,
    96.24915561560067,
    96.28470864294094,
    96.47313968784442,
    96.51580332065275,
    96.41981014683401,
    96.46247377964234,
    96.22071319372844,
    96.46602908237637,
    96.46602908237637,
    96.61890709993956,
    96.57979876986525,
    96.7895616311729
  ],
  "val_loss": [
    0.5623329492478535,
    0.4651284957754201,
    0.4093614225757533,
    0.38170065705118505,
    0.39436940001002674,
    0.37839917221973685,
    0.3810718434637991,
    0.3860525843398324,
    0.3717327665152221,
    0.40361001650834905,
    0.3987375230624758,
    0.39754847180226754,
    0.4121002396889802,
    0.4440761103198446,
    0.420888124611871,
    0.40129217351305074,
    0.4505427102076596,
    0.4454441250398241,
    0.4329465118975475,
    0.47329678373603984,
    0.5110387013390146,
    0.5057619816527285,
    0.4561701783075415,
    0.47443433324324674,
    0.4811711010747942,
    0.47411874501869594,
    0.5024277221026092,
    0.47352695901846065,
    0.4854146126529266,
    0.5225318141024689,
    0.4650064069649269,
    0.4978037715472024,
    0.5195449803923738,
    0.515540885771143,
    0.5166472369997666,
    0.5047125305081236,
    0.554294752920496,
    0.6200883226661846,
    0.6150829915342659,
    0.574962048566547,
    0.6496559754014015,
    0.5311237966706013,
    0.648309359005813,
    0.6572733610097704,
    0.6361050730378464,
    0.6787068913209027,
    0.5813831065235466,
    0.7047366674604087,
    0.6756824925541878,
    0.6054891606086287
  ],
  "val_acc": [
    75.0474126253048,
    79.273909509618,
    81.82064481170414,
    83.93389325386075,
    84.4486589000271,
    83.82552153887835,
    85.396911406123,
    85.64074776483338,
    85.99295583852614,
    85.04470333243023,
    85.36981847737741,
    86.61609319967488,
    85.91167705228935,
    85.88458412354376,
    86.18260633974532,
    86.18260633974532,
    86.72446491465728,
    86.12842048225413,
    85.69493362232457,
    86.67027905716608,
    86.58900027092929,
    86.69737198591167,
    87.5101598482796,
    86.67027905716608,
    87.10376591709564,
    87.13085884584123,
    86.58900027092929,
    87.61853156326198,
    88.10620428068275,
    87.91655377946356,
    87.34760227580601,
    87.5101598482796,
    87.34760227580601,
    87.29341641831482,
    87.75399620698998,
    87.26632348956922,
    87.80818206448117,
    87.75399620698998,
    87.10376591709564,
    88.16039013817394,
    86.5077214846925,
    87.64562449200758,
    87.83527499322676,
    88.21457599566513,
    87.86236792197236,
    87.07667298835004,
    87.72690327824438,
    87.78108913573557,
    87.67271742075319,
    87.99783256570035
  ]
}