{
  "train_loss": [
    1.4253855973235832,
    1.026253768727799,
    0.9475884139537811,
    0.8772162893586908,
    0.8344050510363146,
    0.8126613042078727,
    0.7879090055453876,
    0.7660993564227396,
    0.7507728904732003,
    0.7364389583591587,
    0.7234709282551915,
    0.7103101768769509,
    0.7051499481043539,
    0.6943559284545173,
    0.6876030500270118,
    0.6801944682913378,
    0.6761812380522736,
    0.6722056646484974,
    0.6716128129604434,
    0.6567040691690996,
    0.6496812863783403,
    0.6483408109215666,
    0.645111948005424,
    0.6447471922094171,
    0.6381479474631223,
    0.6329656354159363,
    0.6333619666493628,
    0.6309275713341296,
    0.6291609982813685,
    0.6285113290814329,
    0.6262989605753875,
    0.6239883416940358,
    0.6221994380813,
    0.6214260833322509,
    0.6212538357608575,
    0.6194451906956917,
    0.619528772663479,
    0.6189210459220508,
    0.6166389301296108,
    0.6171426940555415,
    0.6152405364454285,
    0.6152545019122194,
    0.6138910567464907,
    0.6136752795581976,
    0.6128309181899079,
    0.6121300998305487,
    0.6121638525616039,
    0.6117045601044805,
    0.6114263303023725,
    0.6107015836337382
  ],
  "train_acc": [
    62.41251944012442,
    80.5760756868844,
    83.53097459823744,
    86.50207361327112,
    88.13828408501814,
    89.23017107309487,
    89.98833592534993,
    90.77242094349404,
    91.1741835147745,
    91.64074650077761,
    92.12998963193364,
    92.47343182996372,
    92.4928719543805,
    93.16679626749611,
    93.44543805080353,
    93.58799896319337,
    93.80832037325038,
    93.7402799377916,
    93.90552099533437,
    94.50492483151892,
    94.78356661482634,
    94.79328667703473,
    94.99416796267496,
    95.01360808709175,
    95.38621047174702,
    95.52553136340073,
    95.48017107309487,
    95.65513219284604,
    95.67457231726283,
    95.66485225505443,
    95.85925349922239,
    95.89813374805598,
    96.14113530326594,
    95.99209434940384,
    96.02449455676516,
    96.14761534473821,
    96.18973561430793,
    96.14437532400207,
    96.3355365474339,
    96.30637636080871,
    96.39385692068429,
    96.43921721099015,
    96.39709694142043,
    96.46513737687921,
    96.49753758424053,
    96.50077760497668,
    96.48781752203215,
    96.61417833074131,
    96.63037843442198,
    96.59149818558839
  ],
  "val_loss": [
    1.0258326165137752,
    0.9595379752497519,
    0.9276757317204629,
    0.891216097339507,
    0.9008675525265355,
    0.8858290833811606,
    0.8714799573344569,
    0.8599433668198124,
    0.8428794587812116,
    0.838696873957111,
    0.8365390762206046,
    0.8246682459308255,
    0.8120266160657329,
    0.8147251356032587,
    0.8044808910739037,
    0.8111708606443098,
    0.8103442672760256,
    0.8155215767122084,
    0.8154851198196411,
    0.8047201402725712,
    0.8055245068765455,
    0.8081321947036251,
    0.8100867213741425,
    0.8135641082640617,
    0.8082599216891874,
    0.8096588119383781,
    0.8133777072352748,
    0.8141770651263576,
    0.8151953393413175,
    0.8146819414631012,
    0.8118623687374976,
    0.8098104000091553,
    0.8137795444457762,
    0.810805078475706,
    0.8144037954268917,
    0.8146095660425001,
    0.8138926375296808,
    0.8155859189648782,
    0.814402945580021,
    0.8136951019687038,
    0.8148826091520248,
    0.8157026287048094,
    0.8146400778524338,
    0.8144087887579395,
    0.8155569164983688,
    0.815528154373169,
    0.8149217232581107,
    0.8154032557241379,
    0.8165674786413869,
    0.8157448441751541
  ],
  "val_acc": [
    75.71099154496541,
    78.50371509095568,
    79.29797591596208,
    82.65436843453753,
    84.31975403535742,
    83.5767358442224,
    82.32129131437355,
    85.06277222649244,
    84.83218037407123,
    85.11401486036382,
    85.06277222649244,
    85.78016910069178,
    86.03638227004868,
    84.85780169100691,
    87.03561363054061,
    86.08762490392006,
    86.95874967973354,
    86.19011017166282,
    86.47194465795542,
    87.44555470151165,
    87.21496284909044,
    87.41993338457597,
    87.03561363054061,
    86.98437099666923,
    87.47117601844735,
    87.70176787086857,
    87.00999231360493,
    87.0612349474763,
    87.57366128619012,
    87.16372021521906,
    87.5992826031258,
    87.67614655393287,
    87.47117601844735,
    87.82987445554701,
    87.62490392006148,
    87.62490392006148,
    87.80425313861133,
    87.62490392006148,
    87.98360235716116,
    87.90673840635408,
    87.90673840635408,
    87.47117601844735,
    87.80425313861133,
    87.72738918780425,
    88.11170894183961,
    88.08608762490393,
    87.93235972328978,
    87.39431206764027,
    87.95798104022546,
    87.90673840635408
  ]
}