{
  "train_loss": [
    1.6337971815613888,
    1.0465538921377584,
    0.9272713046437422,
    0.8833816952234961,
    0.844353289347593,
    0.8354755928698142,
    0.8188354287446882,
    0.8175772471278238,
    0.8067809399467947,
    0.8171281851995151,
    0.8099837444822885,
    0.7406001013490652,
    0.7172633353370188,
    0.7095869715438295,
    0.7024074105938454,
    0.6975981406032237,
    0.6909006510614815,
    0.6869091559953219,
    0.6817620720029411,
    0.6769682086102097,
    0.6757038184880141,
    0.6726873712154782,
    0.668171651962092,
    0.6651045145475276,
    0.6637333807923869,
    0.6615482894829036,
    0.6589472558466308,
    0.6570394065882593,
    0.6568868272507672,
    0.6556136426369705,
    0.6677079240837439,
    0.6646871187227189,
    0.6620890158708854,
    0.6627918396295454,
    0.6578755218351903,
    0.659855316038089,
    0.6524290378318239,
    0.6535447849286511,
    0.6518612260775716,
    0.6483943561267426,
    0.6475534912182077,
    0.6444403390178766,
    0.6422960619220819,
    0.6399659709545529,
    0.6405868391285028,
    0.6387087937962314,
    0.635825267821684,
    0.6350547227624286,
    0.6331401012938119,
    0.6308201297516246,
    0.6317393183708191,
    0.6266216165281732,
    0.6264516997230427,
    0.6266864089153272,
    0.6249226208759531,
    0.6233754898400584,
    0.6222551737665596,
    0.6226101843765498,
    0.6171161219678117,
    0.6183098939502186,
    0.617764953807865,
    0.6148821962788501,
    0.615372008539636,
    0.6150317339084608,
    0.6141585833288629,
    0.6132381748190909,
    0.6137021828125411,
    0.61276416072931,
    0.6111612274507771,
    0.611298028396384,
    0.6296408724357194,
    0.6301961396841725,
    0.6276603298336936,
    0.628809806744614,
    0.6285616437415905,
    0.6276203655875852,
    0.6273551115540645,
    0.6257236963430328,
    0.6251036246795826,
    0.6241593617494865,
    0.6220943842233564,
    0.6209937146960887,
    0.6223554234333637,
    0.6210676322068869,
    0.6212483713979678,
    0.6180850924932368,
    0.6206088290620813
  ],
  "train_acc": [
    52.803261977573904,
    77.29972934022285,
    82.05912334352702,
    83.61278076558051,
    85.25079967661429,
    85.41600759253402,
    86.46349608070582,
    86.16120074519316,
    86.75524623009596,
    86.23150198601006,
    86.618158810503,
    89.54269042848607,
    90.65345003339309,
    91.2861612007452,
    91.44785405462406,
    91.69390839748321,
    91.97159829870998,
    92.31607437871278,
    92.51643291504095,
    92.628914900348,
    92.83278849871701,
    92.96636085626912,
    93.27568631586348,
    93.29677668810855,
    93.31435199831277,
    93.49010510035502,
    93.57798165137615,
    93.70803894688741,
    93.76779500158177,
    93.76427993954093,
    93.16320433055644,
    93.3248971844353,
    93.44089423178319,
    93.50768041055925,
    93.70100882280572,
    93.5674364652536,
    93.8627016766846,
    93.89785229709304,
    93.89785229709304,
    94.18257232240148,
    94.23881331505501,
    94.34426517628036,
    94.38996098281135,
    94.50595803015923,
    94.48838271995501,
    94.61492495342543,
    94.73092200077332,
    94.71334669056908,
    94.8855847305705,
    95.10703363914374,
    95.00861190200007,
    95.31793736159443,
    95.31090723751274,
    95.2300608105733,
    95.28278674118599,
    95.44447959506485,
    95.5253260220043,
    95.45853984322824,
    95.81356110935359,
    95.74325986853668,
    95.71865443425077,
    95.92604309466063,
    95.83113641955781,
    95.92604309466063,
    95.86628703996625,
    96.01743470772259,
    95.92955815670146,
    95.99985939751836,
    96.1193715069071,
    96.17912756160146,
    95.04727758444936,
    95.12109388730711,
    95.14921438363388,
    95.12460894934796,
    95.24060599669585,
    95.17733487996063,
    95.20194031424654,
    95.16327463179725,
    95.23357587261415,
    95.36714823016626,
    95.49017540159583,
    95.49017540159583,
    95.36011810608457,
    95.53235614608597,
    95.45150971914654,
    95.70810924812822,
    95.53235614608597
  ],
  "val_loss": [
    1.135559233752164,
    0.9872615066441622,
    1.039363519711928,
    0.9118714170022444,
    0.8883731419389899,
    0.9710697694258257,
    0.9170849865133112,
    0.9679374261335894,
    0.9003194733099504,
    0.9223889600146901,
    0.8691186200488697,
    0.8133138689127836,
    0.8214603120630438,
    0.8074395439841531,
    0.8198898109522733,
    0.8309872258793224,
    0.8192008462819186,
    0.8196593956513838,
    0.8188802979209207,
    0.8244359222325411,
    0.831346490166404,
    0.8211323781446977,
    0.8280378038232977,
    0.8135160424492576,
    0.8276446570049633,
    0.8160704536871477,
    0.8274973739277233,
    0.8263623877005144,
    0.8173832893371582,
    0.825757622718811,
    0.8268286639993842,
    0.835845486684279,
    0.8296144117008556,
    0.833548594604839,
    0.854105841029774,
    0.8638198375701904,
    0.8552399169314991,
    0.8340598019686613,
    0.8364330909468911,
    0.8271753083575856,
    0.8233220035379584,
    0.8395962010730397,
    0.8485032265836542,
    0.8460061170838096,
    0.8413356596773321,
    0.8459855968301947,
    0.8231026801196012,
    0.8634875145825472,
    0.8616874055428938,
    0.8620778268033807,
    0.874748706817627,
    0.8611237406730652,
    0.86106046221473,
    0.8620029416951266,
    0.8658607222817161,
    0.8627097498286854,
    0.8599540753798052,
    0.8562782298434864,
    0.8713222525336526,
    0.8641234907236967,
    0.8653461282903497,
    0.8573983853513544,
    0.860681029883298,
    0.8623975406993519,
    0.8622796968980269,
    0.85564724965529,
    0.8606985969976946,
    0.8621712923049927,
    0.8572767647829923,
    0.8558114875446666,
    0.8564531857317145,
    0.8579039682041515,
    0.8767336715351451,
    0.8777228106151928,
    0.8640568960796703,
    0.8849701393734325,
    0.8872385566884821,
    0.8699525432153181,
    0.8568789579651572,
    0.8815640752965753,
    0.8829880194230513,
    0.8551298217339949,
    0.8900331475517966,
    0.8600262349302118,
    0.8679561452432112,
    0.8754337159070101,
    0.870183982632377
  ],