{
  "train_loss": [
    1.2712170262563796,
    0.8448151632717678,
    0.7890883007503691,
    0.7657452604884193,
    0.7578037686575027,
    0.7521816848573231,
    0.7438918792633783,
    0.7274292062577747,
    0.7268854171889169,
    0.7195185929252987,
    0.7201966544560023,
    0.7157714564459664,
    0.7110865280741737,
    0.7146226870445979,
    0.703051027229854,
    0.7005661544345674,
    0.7093794493448167,
    0.7123781037330628,
    0.6997022054308937,
    0.6943682275499616,
    0.6899792735917227,
    0.6933157924243382,
    0.6941934670720782,
    0.6851799548239935,
    0.6838887184006828,
    0.6854797298567635,
    0.6826556356747945,
    0.6812510717482794,
    0.6751037084488641,
    0.6776600019137065,
    0.6745282584144956,
    0.6767948052996681,
    0.6797135305404663,
    0.6696650846799215,
    0.6701595935367403,
    0.6649181043534051,
    0.6661570344652449,
    0.6614818129085359,
    0.6627825463385809,
    0.6589843659173875,
    0.6572336501166934,
    0.6568368684677851,
    0.6540847485406058,
    0.6527983650707063,
    0.6513932720820109,
    0.6473011874017262,
    0.646952923593067,
    0.6417684625443958,
    0.6441542053222656,
    0.6406306685720171,
    0.6379745739982242,
    0.6372184497969491,
    0.6358910641216097,
    0.6334080765360878,
    0.6309509722391764,
    0.6303911848295303,
    0.6293810855774652
  ],
  "train_acc": [
    68.50744047619048,
    86.55952380952381,
    88.58333333333333,
    89.46130952380952,
    89.78571428571429,
    90.16666666666667,
    90.31696428571429,
    91.01488095238095,
    90.92708333333333,
    91.44047619047619,
    91.33333333333333,
    91.57886904761905,
    91.81994047619048,
    91.69047619047619,
    92.13244047619048,
    92.01785714285714,
    91.79613095238095,
    91.70535714285714,
    92.28720238095238,
    92.45089285714286,
    92.59821428571429,
    92.47767857142857,
    92.4672619047619,
    92.89583333333333,
    93.04910714285714,
    92.94047619047619,
    92.95238095238095,
    93.11607142857143,
    93.38392857142857,
    93.24404761904762,
    93.41517857142857,
    93.29315476190476,
    93.14880952380952,
    93.54761904761905,
    93.5625,
    93.79017857142857,
    93.79464285714286,
    93.99553571428571,
    93.92410714285714,
    94.17261904761905,
    94.19196428571429,
    94.22619047619048,
    94.29761904761905,
    94.35119047619048,
    94.43303571428571,
    94.65178571428571,
    94.70386904761905,
    94.93452380952381,
    94.81845238095238,
    94.95238095238095,
    95.00446428571429,
    95.1547619047619,
    95.19494047619048,
    95.32738095238095,
    95.42261904761905,
    95.47321428571429,
    95.49107142857143
  ],
  "val_loss": [
    0.8823154033446798,
    0.8409652697796725,
    0.8080913351506603,
    0.8286130939211164,
    0.788251673688694,
    0.7809209470846215,
    0.7679575304595792,
    0.7743874873433795,
    0.7957690735252536,
    0.7946734927138503,
    0.7832936170149822,
    0.8037048420127557,
    0.7734240342159661,
    0.7747022740694941,
    0.7823134989154582,
    0.7810287341779593,
    0.7782458273731933,
    0.8166692147449571,
    0.7702349387869543,
    0.7755753714211133,
    0.7786324583754247,
    0.7716531790032679,
    0.7862943179753362,
    0.7658429157977201,
    0.7821945645371262,
    0.7699427081614124,
    0.7774059650849323,
    0.7621088599672123,
    0.7652056350999948,
    0.7886414150802457,
    0.7605862775627448,
    0.7811636280040352,
    0.7649800278702561,
    0.7601016504423959,
    0.7559745348229701,
    0.7605053758134648,
    0.7577335408755711,
    0.7559874459188811,
    0.7614311527232734,
    0.7562325961735784,
    0.7495610215225998,
    0.7662242650985718,
    0.749607510712682,
    0.7421991703461628,
    0.7655124202066538,
    0.7471298782192931,
    0.7475558373392844,
    0.7475568737302508,
    0.7528309980217291,
    0.7524992361360666,
    0.7515260881307174,
    0.7512374617615525,
    0.7560654963765826,
    0.7570246397232523,
    0.7448887970982766,
    0.7455237349685357,
    0.7473900512773164
  ],
  "val_acc": [
    84.50136942162075,
    85.24246818108587,
    85.35524407926535,
    84.92025132914452,
    86.08023199613339,
    87.5785403576607,
    88.11019816336395,
    87.0791042371516,
    84.7752537457709,
    86.14467536652167,
    86.85355244079265,
    85.93523441275978,
    87.80409215401966,
    86.95021749637506,
    88.20686321894635,
    87.24021266312228,
    86.93410665377799,
    86.06412115353633,
    88.19075237634928,
    87.49798614467537,
    87.96520057999034,
    87.30465603351055,
    87.46576445948124,
    88.35186080231996,
    87.22410182052522,
    88.0296439503786,
    87.80409215401966,
    87.96520057999034,
    87.9813114225874,
    87.6752054132431,
    89.06073787659095,
    87.4818753020783,
    88.65796681166425,
    89.3829547285323,
    89.0285161913968,
    88.28741743193169,
    89.5279523119059,
    89.785725793459,
    89.01240534879975,
    88.62574512647011,
    89.46350894151765,
    88.126309005961,
    89.64072821008538,
    89.51184146930885,
    88.86740776542614,
    89.80183663605607,
    90.12405348799743,
    89.8823908490414,
    89.785725793459,
    89.3829547285323,
    89.70517158047366,
    90.01127758981795,
    88.65796681166425,
    89.80183663605607,
    90.02738843241501,
    90.3818269695505,
    90.07572096020621
  ],
  "val_macro_f1": [
    0.8258530801946596,
    0.8368889438222071,
    0.8470911797919941,
    0.8343974996459579,
    0.8524802474053295,
    0.865776811172165,
    0.8628080481435766,
    0.8744213393301387,
    0.8453711273303268,
    0.8623517894613535,
    0.8688945414783977,
    0.8659626757532938,
    0.8752813249979107,
    0.8750265308786377,
    0.8719166331848328,
    0.8709264018608646,
    0.8591750561637127,
    0.8710899689353551,
    0.8890703712563973,
    0.8757846808505022,
    0.879854958949005,
    0.8777566966836616,
    0.8745291991101086,
    0.8894066581641557,
    0.8735126704191326,
    0.8787870326370987,
    0.8805348450472669,
    0.8783420885760033,
    0.8824115340692159,
    0.8802626685191459,
    0.893897361034519,
    0.8613355019967951,
    0.8872017684868885,
    0.8925594130139007,
    0.8917040662931769,
    0.8840122062717847,
    0.8986627689786865,
    0.899142797810024,
    0.8849456445971159,
    0.8922443932044698,
    0.8964268043112381,
    0.8821835014769525,
    0.896925809887496,
    0.898984165344144,
    0.8973408465848011,
    0.9018714160842558,
    0.9056510513042225,
    0.9004551214189478,
    0.8999640464791341,
    0.8924548720809508,
    0.8998728119839133,
    0.901329793550618,
    0.8904166937445877,
    0.8978974832370624,
    0.9020020967675237,
    0.9056334998869974,
    0.8991572252566785
  ]
}