{
  "train_loss": [
    1.3240098568356091,
    1.0133015911675354,
    0.9517448164956986,
    0.9229094231075236,
    0.8936742517445654,
    0.8812334721933032,
    0.8660743228523186,
    0.8477545947237399,
    0.8399520452247072,
    0.8250908541572468,
    0.8147886579881335,
    0.7996340153463218,
    0.786256255857613,
    0.776597552235351,
    0.7669315463758904,
    0.7581989337510592,
    0.7525259935267837,
    0.7458516241723646,
    0.7428631512573481,
    0.7333540253575073,
    0.7291199706595041,
    0.7253166792638633,
    0.7215180565423495,
    0.7148065628492244,
    0.7087249215942861,
    0.7065739653035664
  ],
  "train_acc": [
    66.35382614503146,
    79.64076065942564,
    82.47390066434673,
    83.78501880558191,
    85.12074238110303,
    86.05926394600864,
    86.6251889345847,
    87.34226159091708,
    87.53559000316356,
    88.12612042602552,
    88.44599107174241,
    89.04003655664522,
    89.63408204154803,
    89.91528700481564,
    90.36169988400296,
    90.54448311012689,
    90.98738092727336,
    91.18422440156068,
    91.29319132482688,
    91.79584519666773,
    91.93293261626067,
    92.19656226932405,
    92.41801117789728,
    92.57618896973531,
    92.89957467749306,
    92.89957467749306
  ],
  "val_loss": [
    1.0012893676757812,
    0.932925587350672,
    0.9003278667276556,
    0.9082675251093778,
    0.9355792186476968,
    0.8833464709195223,
    0.8701940720731561,
    0.8546794869683005,
    0.8528980341824618,
    0.8864011005921797,
    0.8476432778618552,
    0.8620912053368308,
    0.8372165614908392,
    0.8405342210422863,
    0.8308923136104237,
    0.823213821107691,
    0.8257638920437206,
    0.8377412395043806,
    0.8371876586567272,
    0.8466029383919456,
    0.8299733075228605,
    0.8388343453407288,
    0.8275895552201704,
    0.8370167721401561,
    0.8208638321269642,
    0.8204358545216647
  ],
  "val_acc": [
    78.63777089783282,
    81.96594427244582,
    82.73993808049535,
    83.12693498452012,
    81.3467492260062,
    84.28792569659443,
    84.05572755417957,
    84.05572755417957,
    83.90092879256966,
    85.21671826625386,
    85.60371517027863,
    86.14551083591331,
    85.37151702786377,
    84.82972136222911,
    86.30030959752322,
    87.77089783281734,
    87.07430340557275,
    87.38390092879257,
    86.14551083591331,
    86.53250773993808,
    87.07430340557275,
    86.22291021671826,
    86.9969040247678,
    87.22910216718266,
    86.9969040247678,
    86.06811145510837
  ],
  "val_macro_f1": [
    0.7938043450671687,
    0.8312858347286832,
    0.8482523236062424,
    0.8554895157945958,
    0.8360851100051813,
    0.8662208016237076,
    0.8692862269592937,
    0.8656877565110208,
    0.8659426754710267,
    0.8722228977541165,
    0.8781339432990519,
    0.8844370962663045,
    0.8770466166707501,
    0.8678164734282232,
    0.8842630503904836,
    0.8954320570275391,
    0.8920471738217196,
    0.893671975315809,
    0.8811327914509245,
    0.8830962589763164,
    0.8917130867571178,
    0.8878223610794364,
    0.8936918361982493,
    0.891984063862506,
    0.8895126506758948,
    0.8866177332123799
  ]
}