{
  "train_loss": [
    1.4197143710085325,
    1.0392783342727594,
    0.9602559735732419,
    0.9237990624138287,
    0.896811975964478,
    0.8848895467817783,
    0.8717812784016132,
    0.857998287571328,
    0.842115083443267,
    0.8270004732268197,
    0.8157055255557809,
    0.804638938180038,
    0.7893298326858452,
    0.7760574035346508,
    0.7720720837158817,
    0.7600115995321955,
    0.755111142460789,
    0.7500986249319145,
    0.7444424405694008,
    0.7405619844794273,
    0.7317834656153407,
    0.7278780458228928,
    0.721585173692022,
    0.7195413916238717,
    0.7158150912395546,
    0.7138042769261769,
    0.7060402557253838,
    0.7026750887078899,
    0.7048080095223018,
    0.6944073757955006,
    0.692860829510859,
    0.6908141949347087,
    0.6846781889242786,
    0.6875531221074718,
    0.6830274766044957,
    0.6794617915792125,
    0.6739992525960717,
    0.6738744250365666,
    0.6721189650041717,
    0.6726397414292608,
    0.6702700071036816,
    0.6687020558331694,
    0.666042871773243,
    0.6644935714347022,
    0.6628363643373761,
    0.6615030361073357,
    0.6618155150541237,
    0.6611172689923218,
    0.6608044132590294,
    0.6603302274431501
  ],
  "train_acc": [
    62.93015571724841,
    78.38939857288482,
    81.74628282189181,
    83.42999753945656,
    84.87117297620303,
    85.69721255580161,
    86.24556223417343,
    86.82906253295371,
    87.4301381419382,
    88.17884635663819,
    88.52683749868186,
    88.89591901297058,
    89.53566030440437,
    90.05940454849028,
    90.29139864318606,
    90.75890189461845,
    90.9662905550283,
    91.00495623747759,
    91.48300467503252,
    91.70093852156491,
    92.01026398115927,
    92.04541460156771,
    92.30552919259024,
    92.45667686034659,
    92.7308516995325,
    92.65703539667476,
    93.01908678688179,
    93.02963197300433,
    93.09290308973954,
    93.43034904566066,
    93.50768041055925,
    93.51822559668179,
    93.92948785546065,
    93.83809624239868,
    93.9330029175015,
    93.94354810362402,
    94.24232837709586,
    94.24935850117754,
    94.34426517628036,
    94.25990368730008,
    94.61140989138458,
    94.41808147913811,
    94.65710569791557,
    94.73092200077332,
    94.6289852015888,
    94.79067805546768,
    94.87503954444796,
    94.94534078526486,
    94.88206966852965,
    94.83637386199867
  ],
  "val_loss": [
    1.0499614874521892,
    0.9398049811522166,
    0.9511443177858988,
    0.9234615862369537,
    0.9076520601908366,
    0.9313885370890299,
    0.9152667125066122,
    0.8905280331770579,
    0.8581335345904032,
    0.8768970171610514,
    0.8832128345966339,
    0.9307629466056824,
    0.8808151582876841,
    0.8331277867158254,
    0.8438837130864462,
    0.8522679209709167,
    0.8326882223288218,
    0.8487910131613413,
    0.8613273004690806,
    0.8651497463385264,
    0.8499857187271118,
    0.8534801801045736,
    0.8264285624027252,
    0.8326541682084402,
    0.838276873032252,
    0.8410720328489939,
    0.8553810914357504,
    0.8586405913035074,
    0.8382536073525747,
    0.8333987494309744,
    0.8441363473733267,
    0.8441619972387949,
    0.8473040163516998,
    0.8486283123493195,
    0.8495162626107534,
    0.846365342537562,
    0.8326138257980347,
    0.8311391075452169,
    0.837285985549291,
    0.8389827013015747,
    0.8372122347354889,
    0.8379727303981781,
    0.8428325355052948,
    0.8470653394858042,
    0.8442741334438324,
    0.8444011509418488,
    0.843671590089798,
    0.8441478411356608,
    0.8444708585739136,
    0.8435410857200623
  ],
  "val_acc": [
    76.78018575851394,
    80.18575851393189,
    83.28173374613003,
    83.90092879256966,
    82.6625386996904,
    82.89473684210526,
    84.28792569659443,
    84.6749226006192,
    83.51393188854489,
    85.9907120743034,
    84.28792569659443,
    83.59133126934985,
    86.45510835913312,
    86.45510835913312,
    86.53250773993808,
    86.37770897832817,
    86.91950464396285,
    86.91950464396285,
    86.45510835913312,
    86.84210526315789,
    86.06811145510837,
    86.91950464396285,
    87.53869969040248,
    87.22910216718266,
    86.14551083591331,
    87.22910216718266,
    87.77089783281734,
    87.22910216718266,
    87.22910216718266,
    87.84829721362229,
    87.38390092879257,
    87.46130030959752,
    87.38390092879257,
    87.30650154798762,
    87.38390092879257,
    87.77089783281734,
    87.92569659442725,
    88.39009287925697,
    87.22910216718266,
    88.23529411764706,
    88.23529411764706,
    88.15789473684211,
    88.46749226006192,
    87.77089783281734,
    88.0030959752322,
    88.15789473684211,
    88.08049535603715,
    88.08049535603715,
    88.15789473684211,
    88.08049535603715
  ],
  "val_macro_f1": [
    0.7637662344541593,
    0.8188262290919255,
    0.8566470349043384,
    0.863821067995204,
    0.847546388282218,
    0.8527780081787184,
    0.8629178557957112,
    0.8675165500094927,
    0.8566236098142185,
    0.8782938481067152,
    0.8667187979398158,
    0.8633648183624424,
    0.8850102008011212,
    0.8865727466088115,
    0.8803161539637324,
    0.8853287990801105,
    0.8893635890546969,
    0.8857941472951604,
    0.883251962938588,
    0.8840878720282485,
    0.8797219130409291,
    0.8866356629819041,
    0.8933249225998224,
    0.891583486169169,
    0.882581123643544,
    0.8906906439822748,
    0.8950433248472565,
    0.8937228350412415,
    0.8927378228738495,
    0.8945507453211102,
    0.8940364631533172,
    0.8939413699788353,
    0.8888997685227508,
    0.8893324887570918,
    0.8961587354857569,
    0.8941041084399156,
    0.8966533639868949,
    0.9014585418485646,
    0.8912049472862263,
    0.8973270312597421,
    0.902532925228555,
    0.8991372518738076,
    0.9017012823032077,
    0.8958832910742699,
    0.8972123018214329,
    0.8984121615883284,
    0.898283172636457,
    0.8982929456481559,
    0.8985111771133666,
    0.8999544971737508
  ]
}