{
  "train_loss": [
    1.1918805853525798,
    0.808064201672872,
    0.7621894893192109,
    0.7404615356808617,
    0.7241501804760524,
    0.7220069921584357,
    0.7121918874695188,
    0.7109640290623619,
    0.7114861978803362,
    0.7106306770869664,
    0.7182517354828971,
    0.7112589889480954,
    0.7055755464235941,
    0.696077702613104,
    0.6990670690082368,
    0.6957003268741426,
    0.6906743176778157,
    0.6827513253121149,
    0.6905178097316197,
    0.6846975211870102,
    0.6821690122286479,
    0.6819192918141683,
    0.6809837979362124,
    0.6775705832526797,
    0.6776588505790347,
    0.6709641531535557,
    0.670877917721158,
    0.6667145576931182,
    0.6722794192177909,
    0.660308275336311,
    0.6612896240325201,
    0.6567111418360756,
    0.655922460669563,
    0.6602519118218195,
    0.6579721638134548,
    0.6544660613650367,
    0.6521498999141512,
    0.6455932835170201,
    0.6484332578522819,
    0.6508377605392819,
    0.6448073416664487,
    0.6432032335372199,
    0.64541660569963,
    0.6462556544939677,
    0.6404298089799427,
    0.6391707498686654,
    0.6355909875461033,
    0.6321171425637745,
    0.6314490267208644,
    0.6285583809443882,
    0.6272554925509861,
    0.6236597221238273,
    0.6243886208534241
  ],
  "train_acc": [
    71.88095238095238,
    87.53720238095238,
    89.46130952380952,
    90.24107142857143,
    90.84970238095238,
    90.91666666666667,
    91.28869047619048,
    91.30803571428571,
    91.37202380952381,
    91.48214285714286,
    91.24255952380952,
    91.34375,
    91.59672619047619,
    91.95535714285714,
    91.97916666666667,
    92.05654761904762,
    92.1860119047619,
    92.61755952380952,
    92.33928571428571,
    92.46279761904762,
    92.75595238095238,
    92.77083333333333,
    92.63541666666667,
    92.9360119047619,
    92.85267857142857,
    93.19196428571429,
    93.14880952380952,
    93.33184523809524,
    93.08779761904762,
    93.54613095238095,
    93.61755952380952,
    93.79910714285714,
    93.79761904761905,
    93.66964285714286,
    93.69345238095238,
    93.83333333333333,
    93.95386904761905,
    94.28125,
    94.22321428571429,
    93.98958333333333,
    94.27529761904762,
    94.4375,
    94.22172619047619,
    94.21577380952381,
    94.53571428571429,
    94.54166666666667,
    94.74107142857143,
    94.88690476190476,
    94.8452380952381,
    95.05505952380952,
    95.04613095238095,
    95.22767857142857,
    95.19047619047619
  ],
  "val_loss": [
    0.8962591679728761,
    0.8177652444158282,
    0.844504075390952,
    0.7878797188097116,
    0.7970799961868598,
    0.7786355675483236,
    0.8143472124119194,
    0.7699499483011207,
    0.7843356278477883,
    0.7839582136699131,
    0.8062224108345655,
    0.7998234872915306,
    0.773843666728662,
    0.7885052476610456,
    0.7709784592900958,
    0.775024198755926,
    0.7738763312904202,
    0.7769301193101066,
    0.7729276017266877,
    0.759986585500289,
    0.7562490944959679,
    0.7617175396607847,
    0.7609973160588012,
    0.7680314158906743,
    0.7593092711604371,
    0.7624087832411941,
    0.7619078548587098,
    0.7587087117895788,
    0.7806276447918951,
    0.75123900540021,
    0.7533672245181336,
    0.7614526845970933,
    0.7503883437234529,
    0.7679643205233982,
    0.7514962164723143,
    0.7537804878487879,
    0.7361560913981223,
    0.7780086641408959,
    0.7460194923439805,
    0.758752488360113,
    0.762045579297202,
    0.7472732869946227,
    0.7506891330894159,
    0.7454085933918856,
    0.7556543338055514,
    0.7443796371927067,
    0.7511001715854723,
    0.7504501452251356,
    0.7403619678653016,
    0.7411513109596408,
    0.7442933637268689,
    0.7439238988623327,
    0.7558614903566788
  ],
  "val_acc": [
    82.18140808764298,
    86.1285645239246,
    85.06524891251813,
    86.41855969067183,
    85.77412598678912,
    87.32076687610763,
    84.90414048654745,
    87.94908973739327,
    87.25632350571935,
    88.17464153375222,
    86.04801031093926,
    84.95247301433865,
    88.54519091348477,
    86.80521991300145,
    87.175769292734,
    87.91686805219913,
    87.69131625584018,
    86.98243918156919,
    87.82020299661673,
    88.20686321894635,
    88.11019816336395,
    88.5290800708877,
    88.94796197841147,
    88.30352827452876,
    88.75463186724666,
    88.49685838569357,
    89.18962461736749,
    88.75463186724666,
    87.24021266312228,
    88.44852585790237,
    89.41517641372644,
    89.35073304333817,
    89.15740293217335,
    87.15965845013694,
    89.27017883035283,
    89.22184630256163,
    90.01127758981795,
    88.51296922829064,
    89.60850652489125,
    89.22184630256163,
    89.44739809892057,
    89.15740293217335,
    90.25294022877397,
    90.09183180280328,
    89.5279523119059,
    89.67294989527953,
    89.91461253423554,
    89.72128242307073,
    90.25294022877397,
    90.12405348799743,
    89.51184146930885,
    89.9307233768326,
    89.62461736748833
  ],
  "val_macro_f1": [
    0.8001589040308345,
    0.8474842178452091,
    0.8272845073240882,
    0.8641997237831802,
    0.854770971697755,
    0.8692152148377765,
    0.8343498091871618,
    0.8763419454543105,
    0.8690738169200171,
    0.8756111482245182,
    0.8581719077791706,
    0.843425238849118,
    0.8846189174876059,
    0.8637403772441482,
    0.871365644957565,
    0.8795743132441549,
    0.8781422694060007,
    0.8728458961529854,
    0.8766521847975087,
    0.8827656089709884,
    0.8821659445455078,
    0.8859577639575812,
    0.8936910338310552,
    0.8824163800989738,
    0.8868518471503526,
    0.8860168305975135,
    0.888549353683383,
    0.8890109229119334,
    0.8803509918812087,
    0.88331477315751,
    0.8911660590357542,
    0.8892600650148809,
    0.8992734021218011,
    0.8731503266450824,
    0.8900723525363281,
    0.8958696488804598,
    0.9025712871729198,
    0.8903362459699756,
    0.8950894622831275,
    0.8922055599683888,
    0.9004961631618098,
    0.8948801262443729,
    0.9000764995348006,
    0.90016754004211,
    0.8964727131779967,
    0.8995834883708608,
    0.8974831463308063,
    0.89609915569042,
    0.8983366929882569,
    0.8992284336166486,
    0.8989395923874487,
    0.9029317937620488,
    0.8948394338465578
  ]
}