{
  "train_loss": [
    1.2549225272451128,
    0.8336915830203465,
    0.7885067412966774,
    0.7633574884278433,
    0.7585191760744368,
    0.7602450429825556,
    0.7418352978570121,
    0.7310687467030117,
    0.7360837508383251,
    0.7222422921089899,
    0.7182304510616121,
    0.7090714576130822,
    0.7089070090793428,
    0.7126033286821275,
    0.7136600701014201,
    0.707649541241782,
    0.6983936245100839,
    0.6984364282517206,
    0.6978104348409744,
    0.6930649028505598
  ],
  "train_acc": [
    68.97767857142857,
    87.09821428571429,
    88.80654761904762,
    89.63690476190476,
    89.6860119047619,
    89.73958333333333,
    90.36607142857143,
    90.73958333333333,
    90.56845238095238,
    91.18005952380952,
    91.4375,
    91.70535714285714,
    91.67708333333333,
    91.47916666666667,
    91.49255952380952,
    91.7172619047619,
    92.2485119047619,
    92.24702380952381,
    92.10119047619048,
    92.41369047619048
  ],
  "val_loss": [
    0.8773291013678726,
    0.7987566115904827,
    0.8086933347643638,
    0.8012415438282247,
    0.8161329943306592,
    0.8043851037414707,
    0.8146263032543416,
    0.7823257178676372,
    0.8094204542588215,
    0.7830013134041611,
    0.7908650989435158,
    0.7947595399253222,
    0.8205231330832656,
    0.7854558046983213,
    0.767784229346684,
    0.7868698093355918,
    0.7589289947431914,
    0.7912926917173424,
    0.7718477614071905,
    0.7857751238102816
  ],
  "val_acc": [
    83.22861285645239,
    86.53133558885129,
    85.21024649589174,
    86.96632833897213,
    85.06524891251813,
    85.46801997744483,
    86.30578379249235,
    88.19075237634928,
    85.96745609795393,
    88.65796681166425,
    86.82133075559852,
    85.30691155147414,
    86.86966328338973,
    87.75575962622845,
    86.27356210729822,
    86.91799581118093,
    88.22297406154343,
    86.64411148703077,
    87.40132108909296,
    86.72466570001612
  ],
  "val_macro_f1": [
    0.8137021393759577,
    0.8564322403024406,
    0.8494718909320862,
    0.8602925478969076,
    0.8506707348050809,
    0.8557386746445771,
    0.8578909924600948,
    0.8597071288000661,
    0.8483983142569169,
    0.8768232719141639,
    0.8665415590084229,
    0.8491362739254725,
    0.8624222386984685,
    0.8643280408191694,
    0.8616951408852876,
    0.8691419551863807,
    0.8798301996793522,
    0.8681592871900202,
    0.8729767776807567,
    0.876482617887481
  ]
}