{
  "train_loss": [
    0.8161146782438852,
    0.43419267243868565,
    0.3524404995377288,
    0.3101005708556539,
    0.274082634414258,
    0.26230325767010315,
    0.2548861123387589,
    0.24430315767836677,
    0.23065834626087695,
    0.22235165359327078,
    0.21249609286876003,
    0.20316842462316223,
    0.20328980938201527,
    0.18201999078951608,
    0.17719572000706676,
    0.16661535160023,
    0.1606294132535233,
    0.15833745151758194,
    0.1538408849338245,
    0.15231717949223625,
    0.14384525506485737,
    0.1400031754621743,
    0.13486679496385592,
    0.1357158526377293,
    0.1301349761641079,
    0.12860518022369377,
    0.1219013733580508,
    0.12019156891802502,
    0.11389136745389801,
    0.1088405008106221,
    0.10818348699687842,
    0.10680808753376585,
    0.09968049715653128,
    0.09776061020724709,
    0.09379783661977592,
    0.09131033158957157,
    0.08932999287619184,
    0.08555356529228089,
    0.08242427708054872,
    0.07930786047347993,
    0.07923110535226328,
    0.07607622826346634,
    0.07434400143477682,
    0.07165502386810801,
    0.06848916416411442,
    0.06787240107631469,
    0.06643921398294614,
    0.06574584005793113,
    0.06403866629512989,
    0.06482810074371607
  ],
  "train_acc": [
    71.90410910752574,
    83.20151850680165,
    85.65503181131147,
    87.1559633027523,
    88.24211747337341,
    88.68501529051987,
    88.82913283419452,
    89.32475658195366,
    89.74656402685507,
    89.95395268726493,
    90.30545889134943,
    90.77647720482267,
    91.07174241625364,
    91.47597455095082,
    91.83802594115787,
    92.07002003585363,
    92.50588772891841,
    92.65000527259306,
    92.81872825055362,
    92.81872825055362,
    93.19483988892404,
    93.34598755668037,
    93.56392140321276,
    93.5744665893353,
    93.77131006362262,
    93.9646384758691,
    94.1052409575029,
    94.26693381138178,
    94.57274420893529,
    94.76958768322261,
    94.92425041301979,
    94.93479559914232,
    95.21600056240993,
    95.37066329220711,
    95.57102182853528,
    95.63780800731134,
    95.73974480649584,
    95.90143766037471,
    96.1193715069071,
    96.13694681711132,
    96.24239867833667,
    96.46736264895075,
    96.5411789518085,
    96.64663081303385,
    96.7520826742592,
    96.89971527997469,
    96.89620021793385,
    96.95595627262821,
    97.01571232732257,
    97.08601356813948
  ],
  "val_loss": [
    0.5045610286972739,
    0.4675282294099981,
    0.4352080063386397,
    0.43462700193578546,
    0.44643792510032654,
    0.3929809900847348,
    0.4187000515786084,
    0.44155839627439325,
    0.4153735935688019,
    0.445591692220081,
    0.42302675680680707,
    0.40535772930492053,
    0.4362100511789322,
    0.4892005066980015,
    0.40280382335186005,
    0.4298888715830716,
    0.5526514825495806,
    0.4249250279231505,
    0.45948462052778766,
    0.4714461063796824,
    0.4736147604205392,
    0.43643568049777637,
    0.47480486739765515,
    0.40492021495645697,
    0.4885203540325165,
    0.4957394925030795,
    0.5070709843527187,
    0.5396230112422596,
    0.5169488421895287,
    0.5919879173690622,
    0.5572677119211717,
    0.5063468773256649,
    0.6192531721158461,
    0.5679204612970352,
    0.5948412242260847,
    0.6627642539414492,
    0.6497585014863447,
    0.6120463636788455,
    0.6180541705001484,
    0.6380238776857202,
    0.6155404529788278,
    0.6204331557859074,
    0.6531720730391416,
    0.6417537534778769,
    0.6741422008384358,
    0.6676957227967002,
    0.6579829901456833,
    0.6644639860499989,
    0.6709173687479713,
    0.6616520597176119
  ],
  "val_acc": [
    79.17956656346749,
    82.12074303405572,
    82.97213622291022,
    84.59752321981424,
    83.59133126934985,
    84.36532507739938,
    85.44891640866874,
    84.52012383900929,
    84.05572755417957,
    85.91331269349845,
    85.37151702786377,
    85.60371517027863,
    85.37151702786377,
    84.984520123839,
    86.22291021671826,
    85.91331269349845,
    85.37151702786377,
    86.06811145510837,
    85.9907120743034,
    87.15170278637771,
    86.687306501548,
    86.84210526315789,
    86.53250773993808,
    87.53869969040248,
    86.76470588235294,
    87.07430340557275,
    86.30030959752322,
    86.76470588235294,
    88.08049535603715,
    87.30650154798762,
    87.15170278637771,
    88.46749226006192,
    87.46130030959752,
    88.93188854489163,
    88.08049535603715,
    88.77708978328174,
    88.77708978328174,
    88.62229102167183,
    88.46749226006192,
    88.08049535603715,
    88.69969040247678,
    88.93188854489163,
    89.0092879256966,
    89.08668730650155,
    89.3188854489164,
    89.47368421052632,
    89.86068111455108,
    90.015479876161,
    89.78328173374614,
    89.62848297213623
  ],
  "val_macro_f1": [
    0.8089806361477541,
    0.8403434375985407,
    0.8504625742604529,
    0.8680599547675102,
    0.8566827995168204,
    0.8689506381548379,
    0.8755809476584723,
    0.8555956878032208,
    0.8693904640873701,
    0.8813901200714698,
    0.8844092492692587,
    0.8770309198285088,
    0.8679144479404645,
    0.8651628008108903,
    0.881850735308245,
    0.8842360275942163,
    0.8758450207509337,
    0.8760179963194057,
    0.8770634246972221,
    0.8885814920455347,
    0.8880840282188935,
    0.8850886116853967,
    0.8835089490885889,
    0.9008683904860054,
    0.8893086574862261,
    0.8923951137301315,
    0.8869161450357254,
    0.8889449836750808,
    0.8981866350741335,
    0.8890045242121584,
    0.8959620302352898,
    0.9004942562742095,
    0.8880962791501497,
    0.9126883648106188,
    0.9025903509417869,
    0.9005675641535854,
    0.9006035178717893,
    0.8981736253656839,
    0.8967888657272689,
    0.8914714246922123,
    0.9040596370154099,
    0.9050161471209415,
    0.9055015631216428,
    0.9029171245555437,
    0.9079933486415753,
    0.9080406132266972,
    0.9101767605870278,
    0.9113995178127339,
    0.9098545772889993,
    0.9052624910079784
  ]
}