{
  "train_loss": [
    2.332936584347426,
    1.8621364037195842,
    1.4595418500177788,
    1.2846116291152105,
    1.1883560118049081,
    1.1230150148121998,
    1.0588525461428093,
    1.0251690468402823,
    0.994087263791248,
    0.9824051477692344,
    0.9548130203979184,
    0.9060015789788178,
    0.8876747094621562,
    0.8778609546146008,
    0.8771467530968213,
    0.8714034391774071,
    0.8689515527450677,
    0.8672479532583796,
    0.8626775630194732,
    0.8600229982173804,
    0.8580578059861155,
    0.8535790910022427,
    0.8544851484322789,
    0.8513061482496936,
    0.8481166435010505,
    0.849942917173559,
    0.8438394798172845,
    0.8456751252665664,
    0.8455576035711501,
    0.842942921802251,
    0.8486029343171553,
    0.846971148493314,
    0.847652830559798,
    0.8406859148632396,
    0.8377358485953976,
    0.8406727169499253,
    0.8330730362371965,
    0.8289278826930306,
    0.8292735200939756,
    0.8261110340103959,
    0.8261797527472178,
    0.8266240514890112,
    0.8186792969101607,
    0.8196219708582367,
    0.8161820919826778,
    0.815507798784911,
    0.8102912481385048,
    0.816569847289962,
    0.8098155266106731,
    0.8073999661989887,
    0.8109679727843313,
    0.8081349634160899,
    0.8075308510751436,
    0.8022554872011898,
    0.8064205941527781,
    0.8059660437131169,
    0.8004783903709566,
    0.8009553449322478,
    0.7969884697837059,
    0.7971702103662972,
    0.7983619874776012,
    0.7956629359360897,
    0.7961164279417559,
    0.7982866929637061,
    0.7936866430923192,
    0.7973412811154067,
    0.7932135167748037,
    0.7934405436419477,
    0.7931252263411127,
    0.7913138508194625,
    0.8014825034623194,
    0.7992792945317547,
    0.7981990816617253,
    0.797797783155634,
    0.794854160812166,
    0.7932604984803633,
    0.7949757338172257,
    0.79001753709533,
    0.7900746774793875,
    0.7891360346717063,
    0.7901317100934308,
    0.7827045399733265,
    0.7860352990001139,
    0.7853620488836308,
    0.7814004830639771,
    0.7783167594008975,
    0.7800278681697268,
    0.7803111220851089,
    0.7786688569820288,
    0.7767278570117373,
    0.7742786371346676,
    0.7744691043791144,
    0.7704437992187462,
    0.7734023269378778,
    0.773672096355997,
    0.7721770435872705,
    0.7727936093855385,
    0.7689442899492052,
    0.7683683408029152,
    0.7674732656791957
  ],
  "train_acc": [
    24.134528085895866,
    45.201910551454624,
    58.808668535112304,
    67.25614810721194,
    72.38779457624443,
    75.96810484348478,
    78.69971973315438,
    80.03000039474203,
    81.32870169344334,
    81.73923341096594,
    82.68266687719576,
    84.85769549599337,
    85.80902380294478,
    85.87218252871749,
    86.2037658390242,
    86.31429360912644,
    86.4011368570639,
    86.42876879958946,
    86.78403663206095,
    86.77614179133936,
    86.97746022973986,
    87.42351873050961,
    87.32483322148975,
    87.21825287174832,
    87.47088777483914,
    87.41167646942723,
    87.66825879287886,
    87.66036395215727,
    87.75904946117713,
    87.57746812458059,
    87.4274661508704,
    87.54588876169423,
    87.6406268503533,
    87.82615560731062,
    88.14589665653496,
    87.93668337741286,
    88.22089764339005,
    88.73800971065408,
    88.47747996684167,
    88.67485098488137,
    88.5959025776655,
    88.39458413926499,
    88.84459006039553,
    88.88406426400347,
    88.97485493230174,
    88.99459203410571,
    89.353807286938,
    89.10117238384716,
    89.41696601271069,
    89.52749378281293,
    89.37354438874196,
    89.48801957920499,
    89.59065250858563,
    89.59854734930722,
    89.63802155291518,
    89.71302253977026,
    89.83539257095488,
    89.81170804879011,
    90.0209213279122,
    90.0959223147673,
    89.91039355780997,
    90.16697588126159,
    90.04065842971617,
    90.07223779260254,
    90.13539651837525,
    90.0209213279122,
    90.23802944775589,
    90.0998697351281,
    90.28539849208542,
    90.41171594363084,
    89.92618323925315,
    89.79197094698614,
    89.99328938538665,
    90.0998697351281,
    90.0288161686338,
    90.19066040342636,
    90.30908301425019,
    90.40776852327004,
    90.30908301425019,
    90.24592428847748,
    90.40776852327004,
    90.68408794852564,
    90.5104014526507,
    90.55777049698023,
    90.74724667429835,
    90.78277345754549,
    90.849879603679,
    90.76303635574152,
    90.77093119646311,
    91.03146094027554,
    91.09461966604823,
    91.16962065290333,
    91.13409386965618,
    91.08672482532666,
    91.07093514388347,
    91.15383097146015,
    90.93672285161647,
    91.13014644929538,
    91.31567520625272,
    91.43804523743734
  ],
  "val_loss": [
    2.0429774945782078,
    1.3880892069109025,
    1.1995855723657916,
    1.5352526633970198,
    1.0842864321124168,
    1.0311732503675646,
    0.9919686663535333,
    1.0313661636844758,
    0.9936439952542705,
    1.036713686681563,
    0.9463540161809614,
    0.9121411731166225,
    0.9032500367010793,
    0.9009512970524449,
    0.9014459906085845,
    0.8972203846900694,
    0.8956048007934324,
    0.8924278136222593,
    0.8946739877423933,
    0.8867116955018812,
    0.8869714967666134,
    0.8832840631085057,
    0.8850308810510943,
    0.8868602783449234,
    0.8868405799711904,
    0.8820927873734505,
    0.8840796543705848,
    0.8825986673755031,
    0.881700829152138,
    0.8835249370144259,
    0.8928538291685043,
    0.8829560722074201,
    0.8793361398481554,
    0.8806604454594273,
    0.876753072584829,
    0.8777740732316048,
    0.8829462682047198,
    0.8798381263209928,
    0.8766749866547123,
    0.8864442186970865,
    0.882723496806237,
    0.8857448716317454,
    0.8767899793963279,
    0.8728430405739815,
    0.8722223427987867,
    0.8781218932520959,
    0.870293834517079,
    0.870528434553454,
    0.8687341693908938,
    0.8766808336780917,
    0.872751901226659,
    0.8654765775126796,
    0.8657718166228263,
    0.8748034738725231,
    0.8666082755211861,
    0.8658701027593305,
    0.8681780580551394,
    0.8682165068964804,
    0.8662595614310233,
    0.8614305988434823,
    0.8636801781192902,
    0.8619935070314715,
    0.8638496052834296,
    0.8629563008585284,
    0.8601486798255674,
    0.8625422812277271,
    0.8611586247721026,
    0.8627242388263825,
    0.8627236177844386,
    0.8611659772934452,
    0.8669793202031043,
    0.8728576994711353,
    0.8594673987357847,
    0.8664540263914293,
    0.8653232916708915,
    0.8708945589680825,
    0.8604775840236295,
    0.8697342103527438,
    0.8648684736221067,
    0.8624048079213789,
    0.8609574437141418,
    0.8630919898709943,
    0.883727656256768,
    0.8638492976465533,
    0.8690910743128869,
    0.8656574795323033,
    0.8619341811826152,
    0.8781718650171834,
    0.866489048927061,
    0.8745752073103382,
    0.8607503156508168,
    0.8639200637417455,
    0.8641166437056756,
    0.8653616674484745,
    0.8739274701764507,
    0.8671659538822789,
    0.8661742229615489,
    0.8796113960204586,
    0.8721331819411247,
    0.8645534342335116
  ],