{
  "train_loss": [
    2.277672450368603,
    1.7362468801438808,
    1.424677675589919,
    1.2770712816466887,
    1.2038279237846534,
    1.1672208004941542,
    1.1407210268080235,
    1.1169083698963125,
    1.1017107162624598,
    1.0878109668071072,
    1.0760474527875583,
    1.0162483332678676,
    1.0045535614093144,
    0.9887502323836088,
    0.9826152392973503,
    0.9739154685909549,
    0.970520799048245,
    0.9647786558295289,
    0.9608399660016099,
    0.957800181893011,
    0.952641756584247,
    0.9507452445104718,
    0.9450887072210511,
    0.9458984527736902,
    0.9416220424075922,
    0.9404559085766474,
    0.9399695576479038,
    0.9398935331652561,
    0.9379549768442909,
    0.9342644158750772,
    0.94372341192017,
    0.9417615253478289,
    0.9379906095564365,
    0.9363536378368735,
    0.9303899230435491,
    0.9304368477314711,
    0.9283404005691409,
    0.9275840210417906,
    0.9193994319066405,
    0.9228224642574787,
    0.9167632361253103,
    0.9165152038137118,
    0.9103305945172906,
    0.911096558595697,
    0.9103938412542144,
    0.9059363662575682,
    0.899659593279163,
    0.900907556215922,
    0.8975629862397909,
    0.8964898632839322,
    0.897626068132619,
    0.8930535664161047,
    0.8918161389107505,
    0.8911945639799038,
    0.8877190472558141,
    0.8886921216423312,
    0.8889152761548758,
    0.886662643092374,
    0.8835624518493811,
    0.8828981316958865,
    0.878794802663227,
    0.8801488013317188,
    0.8786203439037005,
    0.8775236348931988,
    0.8758924833188454,
    0.8819542073955139,
    0.8749215118587017,
    0.8768932629997531,
    0.8794640976314744,
    0.8788848295807838,
    0.8900115452706814,
    0.8867524089291692,
    0.8884594803676009,
    0.8832772355526686,
    0.8838110867266854,
    0.881017771239082,
    0.8793346403787533,
    0.878397139099737,
    0.877742973777155,
    0.8725723900521795,
    0.8736459001277884,
    0.8717720294371247,
    0.8689361313978831,
    0.8697192575782537,
    0.8699036805580059,
    0.865443161688745,
    0.8599477093666792,
    0.8658813554793596,
    0.8629987112556895,
    0.8642910281196237,
    0.8603194830939174,
    0.8581347071255246,
    0.8526891168827812,
    0.8565492269893488,
    0.8555154874920845,
    0.8508442255357901,
    0.8517923926313719,
    0.8506129837284485,
    0.8473138955111305,
    0.8497157236561179
  ],
  "train_acc": [
    19.122513174557785,
    41.06376894480984,
    56.15425466726582,
    64.17745822950283,
    67.83365333551207,
    69.05919359450958,
    70.51350136851995,
    71.64916867519098,
    72.4416847093427,
    72.66636709015891,
    73.2954777564443,
    76.31030679357816,
    76.91899178888026,
    77.9852118142081,
    78.54079006495364,
    78.70828056701663,
    78.92070754524286,
    79.30062502553209,
    79.42317905143184,
    79.70096817680461,
    79.85211814208097,
    79.99101270476736,
    80.21569508558356,
    80.18709914620695,
    80.3096531721067,
    80.3791004534499,
    80.64054904203603,
    80.61603823685608,
    80.63646390783937,
    80.87340169124556,
    80.17484374361698,
    80.2116099513869,
    80.43220719800645,
    80.87748682544222,
    81.07765840107848,
    80.9469341067854,
    81.04906246170187,
    80.97553004616202,
    81.35136239225459,
    81.13076514563504,
    81.47391641815433,
    81.60055557825075,
    81.90285550880347,
    82.00089872952327,
    81.81706769067364,
    82.15204869479962,
    82.43392295436905,
    82.51562563830223,
    82.47068916213898,
    82.70762694554516,
    82.51971077249888,
    82.77707422688836,
    82.72805261652846,
    82.83018097144492,
    82.98133093672128,
    83.27546059888067,
    83.1651619755709,
    83.42661056415703,
    83.35307814861719,
    83.41844029576372,
    83.34490788022387,
    83.29997140406063,
    83.51648351648352,
    83.57776052943339,
    83.67171861595654,
    83.48380244291025,
    83.67171861595654,
    83.71256995792312,
    83.46337677192696,
    83.65946321336656,
    82.97316066832795,
    83.21009845173414,
    82.92413905796805,
    83.07120388904775,
    83.09979982842437,
    83.35716328281384,
    83.3612484170105,
    83.56141999264676,
    83.61044160300666,
    83.81878344703624,
    83.71256995792312,
    83.8514645206095,
    83.88006045998611,
    83.85963478900283,
    83.78201723926631,
    83.93725233873933,
    84.45606438171494,
    84.00669962008251,
    84.22729686670208,
    84.15784958535887,
    84.17827525634218,
    84.59087381020467,
    84.73793864128437,
    84.48466032109155,
    84.42746844233834,
    84.86049266718412,
    84.74610890967769,
    84.61129948118796,
    84.85640753298746,
    84.95853588790392
  ],
  "val_loss": [
    1.9065327490529707,
    1.480869420113102,
    1.371651872511833,
    1.2855595350265503,
    1.429443109420038,
    1.3735963259973833,
    1.417178500083185,
    1.2502444021163448,
    1.2330561991660827,
    1.2196917841511388,
    1.1371466055993111,
    1.0922632198179922,
    1.0810817864633375,
    1.0661625862121582,
    1.056734763806866,
    1.0590552149280426,
    1.0497070281736312,
    1.0606804816953597,
    1.0455026011313162,
    1.041547929086993,
    1.047688574560227,
    1.0412392212498573,
    1.0396301707913798,
    1.035285718979374,
    1.0372374596134308,
    1.0345414242436808,
    1.0361088572009918,
    1.033777029283585,
    1.032250746603935,
    1.0319182257498465,
    1.046582837258616,
    1.054111861413525,
    1.047251570609308,
    1.0394242809664818,
    1.0419016653491604,
    1.033629148237167,
    1.0309633977951542,
    1.027998818505195,
    1.0401218668107064,
    1.0313353596195098,
    1.0258888313847203,
    1.027154810966984,
    1.0187219073695521,
    1.024870962865891,
    1.023808608132024,
    1.0122912968358686,
    1.022989978713374,
    1.0101412130940346,
    1.0091435120951744,
    1.024897890706216,
    1.014989149185919,
    1.0102919936180115,
    1.0086977654887783,
    1.008222230019108,
    1.0064576595060286,
    1.0088844087816053,
    1.0061056710058642,
    1.0058428529770143,
    0.9998481042923466,
    0.9999084549565469,
    1.0012951281762892,
    1.0016202349816599,
    1.0043973211319215,
    0.9986497913637469,
    1.0018726837250493,
    1.0009580043054396,
    1.0028390134534528,
    0.997765754499743,
    0.9983473535506956,
    1.000226370749935,
    1.0084875725930738,
    1.006630205339001,
    1.0125179483044533,
    1.0092521117579552,
    1.0026872158050537,
    1.0046272508559688,
    1.0089506487692557,
    1.0091978061583735,
    1.007900720642459,
    0.9977437219312114,
    0.994188533675286,
    1.0068326784718422,
    1.0043451228449423,
    0.9971964282374228,
    1.0003764475545576,
    1.0013507508462476,
    1.0091682922455572,
    0.9996072784546883,
    1.0052214803234223,
    0.9928115414034936,
    0.9959452498343683,
    1.0001354717439221,
    1.0005208138496644,
    0.990779661363171,
    1.002640958755247,
    0.9965412212956336,
    0.9883367380788249,
    1.0069920978238505,
    0.9928252447036005,
    0.9984306539258649
  ],