{
  "train_loss": [
    1.651729483377366,
    0.9444254795710246,
    0.8449614222844442,
    0.8090027770541963,
    0.7861302603994097,
    0.7763269933064779,
    0.7587853506633213,
    0.743401236079988,
    0.739385563986642,
    0.7277978623481024,
    0.7180880735034034,
    0.7178298859369188,
    0.7142168702398027,
    0.7042079631487529,
    0.7054055054982503,
    0.7018338542892819,
    0.6950877322469439,
    0.6932421281224206,
    0.6876831551960536,
    0.6878368800027029,
    0.6848496631213596,
    0.6832833173161461,
    0.680270806267148,
    0.6759138731729417,
    0.6743846883092608,
    0.6728291886193412,
    0.6718991160392761,
    0.6668063570204236,
    0.6679386554445539,
    0.6617951188768659,
    0.6608493496122815,
    0.6611495154244559,
    0.657136716615586,
    0.6569230706351143,
    0.6539651577813285,
    0.6536082929656619,
    0.6513898735954649,
    0.6484039773259844,
    0.6481145589692252,
    0.644815176100958,
    0.6448001080467587,
    0.6434017672992888,
    0.6433465768042065,
    0.6405501613162813,
    0.6398587170101347,
    0.6384820405642192,
    0.6367936218352545,
    0.6348397483144488,
    0.6341571386655172,
    0.6318551037425086,
    0.6303942275047302,
    0.6297995921543666,
    0.6270847236542475,
    0.6264432988848005,
    0.6249732322919936,
    0.6231650153795878,
    0.6227617348943438,
    0.6212198289235433,
    0.6192566432271684,
    0.6182944286437262,
    0.61863947561809,
    0.6177521696544829,
    0.6143737069765727,
    0.6143587362198603,
    0.6137990288507371,
    0.6123930742627098,
    0.611522486664,
    0.6119771171751477,
    0.6103798359916324,
    0.6092364343007406,
    0.6078981916109721,
    0.6076030992326282,
    0.6073936964216686,
    0.6069418401945205,
    0.6067951788221086,
    0.6065578125772022
  ],
  "train_acc": [
    52.29017857142857,
    82.96279761904762,
    86.37797619047619,
    87.9077380952381,
    88.79315476190476,
    89.05357142857143,
    89.74255952380952,
    90.3764880952381,
    90.47470238095238,
    91.0625,
    91.30505952380952,
    91.36309523809524,
    91.35119047619048,
    91.86458333333333,
    91.91666666666667,
    91.96279761904762,
    92.22470238095238,
    92.41964285714286,
    92.55059523809524,
    92.66517857142857,
    92.75446428571429,
    92.97619047619048,
    92.9985119047619,
    93.13839285714286,
    93.25297619047619,
    93.17708333333333,
    93.4047619047619,
    93.62202380952381,
    93.52678571428571,
    93.8422619047619,
    93.92708333333333,
    93.83630952380952,
    94.04464285714286,
    94.16666666666667,
    94.2514880952381,
    94.35267857142857,
    94.3110119047619,
    94.45982142857143,
    94.55803571428571,
    94.69494047619048,
    94.61904761904762,
    94.70089285714286,
    94.77232142857143,
    94.90625,
    94.93005952380952,
    94.98214285714286,
    95.04315476190476,
    95.04017857142857,
    95.14285714285714,
    95.2202380952381,
    95.26339285714286,
    95.41666666666667,
    95.52232142857143,
    95.52529761904762,
    95.57589285714286,
    95.63839285714286,
    95.67113095238095,
    95.76190476190476,
    95.79166666666667,
    95.9077380952381,
    95.91369047619048,
    95.92261904761905,
    96.09821428571429,
    96.11904761904762,
    96.17113095238095,
    96.25595238095238,
    96.27380952380952,
    96.25446428571429,
    96.31845238095238,
    96.42261904761905,
    96.43303571428571,
    96.52232142857143,
    96.50744047619048,
    96.51636904761905,
    96.50595238095238,
    96.59077380952381
  ],
  "val_loss": [
    1.0112969814514627,
    0.913226552155553,
    0.8286419827110914,
    0.865574795372632,
    0.8768716563983839,
    0.7872218866737521,
    0.7870985585816053,
    0.879185290969148,
    0.8273643595831734,
    0.7899199152479366,
    0.7878469119266588,
    0.7774588842781223,
    0.7750619029512211,
    0.7911034019625917,
    0.8020281146983711,
    0.7741925947520197,
    0.8035549898536838,
    0.7767572111012985,
    0.779419153320546,
    0.8126835056713649,
    0.7706995350973946,
    0.7858305512642374,
    0.7912670021154442,
    0.7709629158584439,
    0.7757399909350337,
    0.7867276437428533,
    0.7672684618404934,
    0.7578350354214104,
    0.7663180901079761,
    0.7648460901513392,
    0.77293882078054,
    0.7674010882572252,
    0.7690915818117103,
    0.781677744826492,
    0.7738403300849759,
    0.775353227342878,
    0.7742090553653483,
    0.7565059917313712,
    0.7701192157609122,
    0.7700029526438031,
    0.7821745690034361,
    0.756831452554586,
    0.7822727755624421,
    0.7734461305092792,
    0.7672612204843637,
    0.7785552740097046,
    0.7572575588615573,
    0.7715223869498895,
    0.7578929930317159,
    0.7701098383689413,
    0.7854310079496734,
    0.7564300164884451,
    0.7781898196862669,
    0.7761318963401171,
    0.7750269709801187,
    0.7742815346133952,
    0.7759448411513348,
    0.7680675533353066,
    0.7705469970800438,
    0.7769816152903498,
    0.7752926860536847,
    0.7795290788825677,
    0.7741613315076245,
    0.7766317481897316,
    0.7778463752902284,
    0.7739361621895615,
    0.7768519484266942,
    0.7739890193452641,
    0.7765192024561823,
    0.7782723818506513,
    0.7838665161814008,
    0.7801907050366305,
    0.7831927428440172,
    0.7796633231396578,
    0.7837765642574855,
    0.7834990547627819
  ],
  "val_acc": [
    76.70372160463992,
    81.76252618011922,
    85.38746576445948,
    83.01917190269052,
    82.58417915256967,
    86.49911390365716,
    85.79023682938617,
    82.53584662477847,
    84.63025616239729,
    86.1285645239246,
    84.79136458836797,
    87.01466086676334,
    87.43354277428709,
    86.16078620911874,
    86.99855002416626,
    86.98243918156919,
    85.88690188496858,
    87.0307717093604,
    86.74077654261318,
    86.59577895923957,
    88.4807475430965,
    87.82020299661673,
    87.56242951506364,
    88.27130658933463,
    88.11019816336395,
    87.32076687610763,
    88.126309005961,
    88.83518608023199,
    87.64298372804897,
    89.09295956178508,
    88.56130175608185,
    88.80296439503786,
    88.83518608023199,
    87.54631867246657,
    87.9329788947962,
    89.04462703399388,
    88.33574995972289,
    89.41517641372644,
    88.85129692282906,
    89.30240051554696,
    89.076848719188,
    89.31851135814404,
    88.99629450620267,
    88.85129692282906,
    88.8835186080232,
    89.30240051554696,
    89.44739809892057,
    89.4796197841147,
    89.76961495086194,
    89.3829547285323,
    88.9318511358144,
    89.81794747865314,
    89.18962461736749,
    89.076848719188,
    89.80183663605607,
    89.04462703399388,
    89.56017399710005,
    89.35073304333817,
    89.36684388593524,
    89.80183663605607,
    90.18849685838569,
    89.75350410826486,
    89.9790559046238,
    89.80183663605607,
    89.99516674722088,
    89.8823908490414,
    89.99516674722088,
    89.96294506202675,
    90.2368293861769,
    90.05961011760915,
    89.8340583212502,
    89.94683421942968,
    90.15627517319156,
    90.20460770098276,
    89.94683421942968,
    90.10794264540036
  ],