{
  "train_loss": [
    1.6649230579535166,
    1.1136312658588092,
    1.0101711402336757,
    0.9610680600007375,
    0.9252522145708402,
    0.8952586005131403,
    0.8705093959967295,
    0.8409059002995491,
    0.8282474641998608,
    0.8167594442764918,
    0.8017211645841599,
    0.787824472784996,
    0.7755164474248886,
    0.7676448086897533,
    0.7541293720404307,
    0.7504158665736517,
    0.7437864765524864,
    0.7382480348149936,
    0.7278268675009409,
    0.7276410922408104,
    0.7211751043796539,
    0.7174216270446777,
    0.6967531060179074,
    0.6916306585073471,
    0.6899143517017364,
    0.6855117907126744,
    0.6829800228277842,
    0.6789819846550623,
    0.6770423486828804,
    0.6762237504124642,
    0.6758938575784366,
    0.6745997160673142,
    0.6729143465558688,
    0.6703967516620953,
    0.6696803718805313,
    0.6686214491724968,
    0.665710603694121,
    0.6663547217845917,
    0.6643791849414508,
    0.660968080163002,
    0.6620457877715429,
    0.6615414932370186,
    0.6606522738933563,
    0.6610573351383209,
    0.6513152321179708,
    0.6473096837600072,
    0.6494913304845492,
    0.6480987687905629
  ],
  "train_acc": [
    52.095554686481556,
    77.05644635640725,
    81.63212097510103,
    83.42458610350671,
    84.8422630687003,
    86.20779559379481,
    87.22135314822057,
    88.15995307000391,
    88.49237387563551,
    88.84108981879807,
    89.32016686220831,
    89.56459392517273,
    90.12514665623777,
    90.34676052665884,
    90.89101812019294,
    90.8258375700691,
    91.1582583757007,
    91.38639030113414,
    91.65688958414809,
    91.66992569417286,
    91.93390692217443,
    92.00234649980446,
    92.81058532134011,
    92.9767957241559,
    93.03545821926737,
    93.31247555729371,
    93.35810194238039,
    93.71333594055534,
    93.53408942771478,
    93.79807065571633,
    93.6872637205058,
    93.75570329813584,
    93.77525746317299,
    93.87954634337113,
    93.94798592100118,
    93.92843175596403,
    94.13700951636032,
    94.12723243384174,
    94.12397340633555,
    94.24129839655846,
    94.29018380915134,
    94.14678659887889,
    94.31951505670708,
    94.32929213922566,
    94.65193586233868,
    94.92569417285883,
    94.78229696258636,
    94.84747751271021
  ],
  "val_loss": [
    1.1628001555800438,
    1.0398357547819614,
    0.9886991493403912,
    0.9394092373549938,
    0.9070174694061279,
    0.9139908850193024,
    0.9264127388596535,
    0.8786374628543854,
    0.886552169919014,
    0.8791881389915943,
    0.8564560674130917,
    0.8489797413349152,
    0.8687966428697109,
    0.8566517606377602,
    0.8389236032962799,
    0.8294551931321621,
    0.8289843946695328,
    0.8273696154356003,
    0.8284549042582512,
    0.816848412156105,
    0.8316541984677315,
    0.8135112375020981,
    0.8028014861047268,
    0.8058081530034542,
    0.8044678419828415,
    0.8026122115552425,
    0.8011179864406586,
    0.8057946898043156,
    0.8049564138054848,
    0.8145863376557827,
    0.8048963397741318,
    0.8140032328665257,
    0.8126527704298496,
    0.801605973392725,
    0.8052590750157833,
    0.8050429336726665,
    0.8047885112464428,
    0.8145264126360416,
    0.8030888140201569,
    0.8188359513878822,
    0.8118494153022766,
    0.8155458346009254,
    0.8064139224588871,
    0.813995148986578,
    0.8115570694208145,
    0.8138105198740959,
    0.814953126013279,
    0.8175506331026554
  ],
  "val_acc": [
    71.80947450168263,
    76.10665286047113,
    77.86694279057727,
    80.37794460264044,
    81.30986280093192,
    81.12865648459746,
    81.62050220036241,
    83.8726378462335,
    83.35490551384935,
    83.69143152989905,
    83.45845198032617,
    85.08930882733627,
    84.39037017861766,
    83.95029769609113,
    85.45172146000517,
    85.32228837690914,
    85.65881439295885,
    86.22831995858141,
    85.73647424281647,
    86.15066010872378,
    86.07300025886616,
    85.37406161014755,
    86.43541289153508,
    86.46129950815428,
    86.46129950815428,
    86.66839244110794,
    86.43541289153508,
    86.48718612477349,
    86.72016567434636,
    86.82371214082319,
    86.64250582448874,
    86.12477349210458,
    86.72016567434636,
    86.87548537406161,
    87.10846492363449,
    86.92725860730003,
    86.95314522391924,
    86.82371214082319,
    87.18612477349211,
    87.26378462334972,
    86.48718612477349,
    86.46129950815428,
    86.95314522391924,
    87.13435154025369,
    86.97903184053844,
    86.66839244110794,
    86.92725860730003,
    86.84959875744241
  ]
}